"dgp","iter","ate"
"linear_zi",1,1.78642807861022
"linear_zi",2,1.69292092811673
"linear_zi",3,1.71612351906381
"linear_zi",4,2.0694219320049
"linear_zi",5,1.74656811323933
"linear_zi",6,1.82648629207491
"linear_zi",7,1.37073119861602
"linear_zi",8,1.60568650428505
"linear_zi",9,1.40770069437279
"linear_zi",10,1.45635505519787
"linear_zi",11,1.53955985379737
"linear_zi",12,1.56070445712309
"linear_zi",13,1.57171610101678
"linear_zi",14,1.47138622758527
"linear_zi",15,1.47390625272818
"linear_zi",16,1.33583202370547
"linear_zi",17,1.29053968344318
"linear_zi",18,1.53342569539249
"linear_zi",19,1.62956341501786
"linear_zi",20,1.58973016538357
"linear_zi",21,1.61237627993515
"linear_zi",22,1.36266393480718
"linear_zi",23,1.67265855466606
"linear_zi",24,1.61198545410859
"linear_zi",25,1.66612785536398
"linear_zi",26,1.51730458851959
"linear_zi",27,1.49026128412306
"linear_zi",28,1.34620800645933
"linear_zi",29,1.35960618446933
"linear_zi",30,1.46774383164215
"linear_zi",31,1.31747169535439
"linear_zi",32,1.40429711240545
"linear_zi",33,1.36633477259404
"linear_zi",34,1.45888388980587
"linear_zi",35,1.68001535387376
"linear_zi",36,1.82675614262635
"linear_zi",37,1.72608526964339
"linear_zi",38,1.53576603804209
"linear_zi",39,1.67691243011345
"linear_zi",40,1.68047163922951
"linear_zi",41,1.60882677138652
"linear_zi",42,1.54922960713303
"linear_zi",43,1.43854893433719
"linear_zi",44,1.6807675000569
"linear_zi",45,1.80863523277794
"linear_zi",46,1.62168938812941
"linear_zi",47,1.28741423372706
"linear_zi",48,1.24952687181386
"linear_zi",49,1.37210394486386
"linear_zi",50,1.5202053297279
"linear_zi",51,1.3782177626787
"linear_zi",52,1.38834801364399
"linear_zi",53,1.52439647712981
"linear_zi",54,1.56890496424599
"linear_zi",55,1.48435956610189
"linear_zi",56,1.44749051607198
"linear_zi",57,1.55493780213406
"linear_zi",58,1.43587473248719
"linear_zi",59,1.43865815648994
"linear_zi",60,1.43790634420299
"linear_zi",61,1.23081632954778
"linear_zi",62,1.22842545906336
"linear_zi",63,1.18889207182878
"linear_zi",64,1.36570826731364
"linear_zi",65,1.52915080441708
"linear_zi",66,1.15587673983617
"linear_zi",67,1.28356114342049
"linear_zi",68,1.16312910733405
"linear_zi",69,1.24313432188161
"linear_zi",70,1.19232903234205
"linear_zi",71,1.41317316281808
"linear_zi",72,1.44492395577924
"linear_zi",73,1.42225221587706
"linear_zi",74,1.20799200059169
"linear_zi",75,1.13665572085614
"linear_zi",76,1.114738543759
"linear_zi",77,1.18969917808168
"linear_zi",78,1.07264550482929
"linear_zi",79,1.24794019059543
"linear_zi",80,1.23392831328606
"linear_zi",81,1.06268762832034
"linear_zi",82,1.06591542129628
"linear_zi",83,1.22359904678011
"linear_zi",84,1.51805144172881
"linear_zi",85,1.35355895934372
"linear_zi",86,1.36962469662505
"linear_zi",87,1.38597905605826
"linear_zi",88,1.24073233587953
"linear_zi",89,1.16083306491618
"linear_zi",90,1.0050744753098
"linear_zi",91,1.24608342508844
"linear_zi",92,1.20291114613107
"linear_zi",93,1.47895409964892
"linear_zi",94,1.27171401204783
"linear_zi",95,0.952324076732074
"linear_zi",96,1.35306161963673
"linear_zi",97,1.310749247137
"linear_zi",98,1.21751377806829
"linear_zi",99,1.42076733693105
"linear_zi",100,1.27327822473095
"linear_zi",101,1.2884628207525
"linear_zi",102,1.29877265515027
"linear_zi",103,1.6615531494036
"linear_zi",104,1.50935327182556
"linear_zi",105,1.42618086558944
"linear_zi",106,1.25932618107596
"linear_zi",107,1.32040627422506
"linear_zi",108,1.47884081991376
"linear_zi",109,1.62093381140724
"linear_zi",110,1.59445653486378
"linear_zi",111,1.60853564401794
"linear_zi",112,1.43372595070439
"linear_zi",113,1.42933853183207
"linear_zi",114,1.57136012214923
"linear_zi",115,1.23792185872996
"linear_zi",116,1.39589229025967
"linear_zi",117,1.47339813195476
"linear_zi",118,1.23393795774531
"linear_zi",119,1.44473490925141
"linear_zi",120,1.60077272974269
"linear_zi",121,1.69619216283691
"linear_zi",122,1.67579040752408
"linear_zi",123,1.46410294201992
"linear_zi",124,1.64273766049999
"linear_zi",125,1.79624022795638
"linear_zi",126,1.63905023490766
"linear_zi",127,1.59560822078133
"linear_zi",128,1.61162444852944
"linear_zi",129,1.62195711454973
"linear_zi",130,1.75314426766593
"linear_zi",131,1.63860587840769
"linear_zi",132,1.52273794486273
"linear_zi",133,1.37634608603138
"linear_zi",134,1.37053767702049
"linear_zi",135,1.31648461421849
"linear_zi",136,1.25213041107335
"linear_zi",137,1.38274613836934
"linear_zi",138,1.29939849911418
"linear_zi",139,1.34561706332407
"linear_zi",140,1.29782552986574
"linear_zi",141,1.35068527593211
"linear_zi",142,1.32939190389931
"linear_zi",143,1.30938729484629
"linear_zi",144,1.28992019540539
"linear_zi",145,1.44093249556245
"linear_zi",146,1.47092814542983
"linear_zi",147,1.48484904366133
"linear_zi",148,1.24608244803651
"linear_zi",149,1.15726445639182
"linear_zi",150,1.27066061296831
"linear_zi",151,1.24321002758967
"linear_zi",152,1.44993426136055
"linear_zi",153,1.54323098611253
"linear_zi",154,1.44307111631963
"linear_zi",155,1.37766319653805
"linear_zi",156,1.38342067692696
"linear_zi",157,1.43265496712116
"linear_zi",158,1.61258172284676
"linear_zi",159,1.39222062761562
"linear_zi",160,1.38781408999343
"linear_zi",161,1.65069922915319
"linear_zi",162,1.61760550655112
"linear_zi",163,1.51813531697706
"linear_zi",164,1.53353904828466
"linear_zi",165,1.48420848061857
"linear_zi",166,1.40249071611071
"linear_zi",167,1.36354587362168
"linear_zi",168,1.39338203180111
"linear_zi",169,1.43002826483335
"linear_zi",170,1.22859198368054
"linear_zi",171,1.36429103750628
"linear_zi",172,1.47224539452052
"linear_zi",173,1.38589738524508
"linear_zi",174,1.35255815907285
"linear_zi",175,1.59143541290315
"linear_zi",176,1.49767187389586
"linear_zi",177,1.5152136307909
"linear_zi",178,1.58525178772762
"linear_zi",179,1.82785488558149
"linear_zi",180,1.4537489142055
"linear_zi",181,1.38795289366288
"linear_zi",182,1.35524906746006
"linear_zi",183,1.37283392385413
"linear_zi",184,1.3219010955847
"linear_zi",185,1.22597739547693
"linear_zi",186,1.35221416014123
"linear_zi",187,1.23417547255004
"linear_zi",188,1.36104102607417
"linear_zi",189,1.25431264489705
"linear_zi",190,1.20779511616429
"linear_zi",191,1.3624912199399
"linear_zi",192,1.26773777305596
"linear_zi",193,1.24972124857318
"linear_zi",194,1.35079633113791
"linear_zi",195,1.3141820832528
"linear_zi",196,1.4557173140786
"linear_zi",197,1.54879180559649
"linear_zi",198,1.54142504649242
"linear_zi",199,1.5504599352548
"linear_zi",200,1.50917046578837
"linear_zi",201,1.53078487756524
"linear_zi",202,1.32946844924334
"linear_zi",203,1.56187882818946
"linear_zi",204,1.71483779829026
"linear_zi",205,1.62245809249057
"linear_zi",206,1.5306796636233
"linear_zi",207,1.41309065839453
"linear_zi",208,1.33891237112794
"linear_zi",209,1.38459767039001
"linear_zi",210,1.56628659232186
"linear_zi",211,1.32329263532673
"linear_zi",212,1.38164333632727
"linear_zi",213,1.49426225382342
"linear_zi",214,1.47454425827716
"linear_zi",215,1.60388464476964
"linear_zi",216,1.50539130654937
"linear_zi",217,1.58845543859795
"linear_zi",218,1.42920788474483
"linear_zi",219,1.19964139493734
"linear_zi",220,1.4384401180546
"linear_zi",221,1.35317835471707
"linear_zi",222,1.56639792791929
"linear_zi",223,1.40959172214569
"linear_zi",224,1.33573218329032
"linear_zi",225,1.18554877213289
"linear_zi",226,1.14589004638313
"linear_zi",227,1.30380761053408
"linear_zi",228,1.67961292132177
"linear_zi",229,1.4360007433365
"linear_zi",230,1.56365451098158
"linear_zi",231,1.69628784269273
"linear_zi",232,1.31460356123366
"linear_zi",233,1.55238136173841
"linear_zi",234,1.52879666569413
"linear_zi",235,1.34505929089574
"linear_zi",236,1.39982240973511
"linear_zi",237,1.55875575814216
"linear_zi",238,1.49474355215584
"linear_zi",239,1.52551907380784
"linear_zi",240,1.66009669325282
"linear_zi",241,1.91227734017366
"linear_zi",242,1.68906915408234
"linear_zi",243,1.6104979251117
"linear_zi",244,1.58722773714959
"linear_zi",245,1.55409298166955
"linear_zi",246,1.66172790138227
"linear_zi",247,1.4629273708442
"linear_zi",248,1.55559216849311
"linear_zi",249,1.34129080775452
"linear_zi",250,1.1993937794296
"linear_zi",251,1.26175977878021
"linear_zi",252,1.30213742632512
"linear_zi",253,1.27131249453179
"linear_zi",254,1.25864633028652
"linear_zi",255,1.34353387274493
"linear_zi",256,1.35465364806382
"linear_zi",257,1.48682667226832
"linear_zi",258,1.52671212518234
"linear_zi",259,1.8341823002956
"linear_zi",260,1.57898035306905
"linear_zi",261,1.47027268221144
"linear_zi",262,1.50890933394956
"linear_zi",263,1.40586043534086
"linear_zi",264,1.36257121919852
"linear_zi",265,1.1033805145842
"linear_zi",266,1.48254656370892
"linear_zi",267,1.30123902797938
"linear_zi",268,1.22788476953269
"linear_zi",269,1.60191062861572
"linear_zi",270,1.45319149163293
"linear_zi",271,1.35475046700713
"linear_zi",272,1.30276568165254
"linear_zi",273,1.26170496120144
"linear_zi",274,1.42907307669308
"linear_zi",275,1.67410315642213
"linear_zi",276,1.6458811898725
"linear_zi",277,1.38641600780804
"linear_zi",278,1.51055094878603
"linear_zi",279,1.33547278288195
"linear_zi",280,1.26247565688096
"linear_zi",281,1.48040922032223
"linear_zi",282,1.62891631663788
"linear_zi",283,1.4814436773262
"linear_zi",284,1.43046434040022
"linear_zi",285,1.3477974683625
"linear_zi",286,1.26944882460439
"linear_zi",287,1.31379087285921
"linear_zi",288,1.3494231083489
"linear_zi",289,1.35431257309947
"linear_zi",290,1.30148209875444
"linear_zi",291,1.3048665722105
"linear_zi",292,1.44374200344197
"linear_zi",293,1.52857373971982
"linear_zi",294,1.40477955326389
"linear_zi",295,1.48910080943756
"linear_zi",296,1.07129011114357
"linear_zi",297,1.14602852916338
"linear_zi",298,1.18921053254458
"linear_zi",299,1.11615706949236
"linear_zi",300,1.53954842413716
"linear_zi",301,1.38817488147424
"linear_zi",302,1.21886978301973
"linear_zi",303,1.30335098002287
"linear_zi",304,1.45066794202089
"linear_zi",305,1.27385919934572
"linear_zi",306,1.34022571913518
"linear_zi",307,1.15321896888984
"linear_zi",308,1.10285372720778
"linear_zi",309,1.2331748250006
"linear_zi",310,1.256230998323
"linear_zi",311,1.27135559130539
"linear_zi",312,1.22355805815151
"linear_zi",313,1.29138926344995
"linear_zi",314,1.45900860248468
"linear_zi",315,1.44449089764633
"linear_zi",316,1.27229167642258
"linear_zi",317,1.36631363461939
"linear_zi",318,1.5779168260456
"linear_zi",319,1.47431935013632
"linear_zi",320,1.47138382261692
"linear_zi",321,1.90618174787972
"linear_zi",322,1.77260451107907
"linear_zi",323,1.76234921185837
"linear_zi",324,1.53445027774938
"linear_zi",325,1.67558423179138
"linear_zi",326,1.76099068439036
"linear_zi",327,1.88066400275034
"linear_zi",328,1.75697802121463
"linear_zi",329,1.7189593595888
"linear_zi",330,1.20597089097427
"linear_zi",331,1.5168958358847
"linear_zi",332,1.4876157680276
"linear_zi",333,1.36506401022543
"linear_zi",334,1.53564743078054
"linear_zi",335,1.27108831435095
"linear_zi",336,1.37131120642061
"linear_zi",337,1.34016037313254
"linear_zi",338,1.38178565003892
"linear_zi",339,1.3167751336505
"linear_zi",340,1.57590691298329
"linear_zi",341,1.46452670178266
"linear_zi",342,1.68514563233313
"linear_zi",343,1.75600912148994
"linear_zi",344,1.90506417464746
"linear_zi",345,1.71680028073577
"linear_zi",346,1.35204080699597
"linear_zi",347,1.52046315424284
"linear_zi",348,1.63442584682235
"linear_zi",349,1.42679815733787
"linear_zi",350,1.47780743707136
"linear_zi",351,1.46534607652508
"linear_zi",352,1.34134002364481
"linear_zi",353,1.07412659708533
"linear_zi",354,1.30015649650352
"linear_zi",355,1.43604517691042
"linear_zi",356,1.41817241807687
"linear_zi",357,1.59260572225526
"linear_zi",358,1.08097763562939
"linear_zi",359,1.5056155778661
"linear_zi",360,1.42131379390477
"linear_zi",361,1.71000794754975
"linear_zi",362,1.38586740697474
"linear_zi",363,1.44247168359239
"linear_zi",364,1.34745914411594
"linear_zi",365,1.39835130373743
"linear_zi",366,1.44771462910372
"linear_zi",367,1.34908610261916
"linear_zi",368,1.26024505209892
"linear_zi",369,1.2477206175265
"linear_zi",370,1.45239168148059
"linear_zi",371,1.53284311918746
"linear_zi",372,1.40858543019115
"linear_zi",373,1.29428972868169
"linear_zi",374,1.27821150212771
"linear_zi",375,1.39985067783484
"linear_zi",376,1.10587245666187
"linear_zi",377,1.37504837371144
"linear_zi",378,1.38623621153393
"linear_zi",379,1.77400217958684
"linear_zi",380,1.70491735748641
"linear_zi",381,1.90475506411944
"linear_zi",382,1.70619179467469
"linear_zi",383,1.82659194841574
"linear_zi",384,1.50758392231829
"linear_zi",385,1.29897442136532
"linear_zi",386,1.5135866248742
"linear_zi",387,1.43176960430927
"linear_zi",388,1.51529507100372
"linear_zi",389,1.41380109536494
"linear_zi",390,1.41677453192138
"linear_zi",391,1.45278018938964
"linear_zi",392,1.36944956614048
"linear_zi",393,1.48416680873303
"linear_zi",394,1.61472942353561
"linear_zi",395,1.30009407488786
"linear_zi",396,1.46905832506716
"linear_zi",397,1.411698999527
"linear_zi",398,1.3720776339978
"linear_zi",399,1.32228285159765
"linear_zi",400,1.26281170231387
"linear_zi",401,1.49751424706834
"linear_zi",402,1.42894931845175
"linear_zi",403,1.57520411545991
"linear_zi",404,1.57341931892865
"linear_zi",405,1.23201353592908
"linear_zi",406,1.02876784443213
"linear_zi",407,1.26244233536916
"linear_zi",408,1.2673258087151
"linear_zi",409,1.47141938593826
"linear_zi",410,1.53076877375513
"linear_zi",411,1.32489074216338
"linear_zi",412,1.47312775100481
"linear_zi",413,1.73813694587713
"linear_zi",414,1.43783960682085
"linear_zi",415,1.36471740684701
"linear_zi",416,1.37690168881357
"linear_zi",417,1.39433832382394
"linear_zi",418,1.32341283707893
"linear_zi",419,1.49460816565028
"linear_zi",420,1.38174542456457
"linear_zi",421,1.289890310526
"linear_zi",422,1.2207964088188
"linear_zi",423,1.25007033667912
"linear_zi",424,1.1096879330465
"linear_zi",425,0.861685735282911
"linear_zi",426,1.0698774516193
"linear_zi",427,1.12201338467166
"linear_zi",428,0.977668243738704
"linear_zi",429,0.913972044127755
"linear_zi",430,1.24659773474538
"linear_zi",431,1.19351189125453
"linear_zi",432,1.04448764106549
"linear_zi",433,1.17486474655904
"linear_zi",434,1.13096143481086
"linear_zi",435,1.0443732876299
"linear_zi",436,1.15414927825094
"linear_zi",437,1.48132108792443
"linear_zi",438,1.56350589833721
"linear_zi",439,1.870857763463
"linear_zi",440,1.44510289044967
"linear_zi",441,1.7571833597292
"linear_zi",442,1.47801594102191
"linear_zi",443,1.44611480550628
"linear_zi",444,1.41375435038926
"linear_zi",445,1.26309447187366
"linear_zi",446,1.36513172459569
"linear_zi",447,1.34319849963578
"linear_zi",448,1.51553490318874
"linear_zi",449,1.84749613126505
"linear_zi",450,1.77783065451796
"linear_zi",451,1.65035676414019
"linear_zi",452,1.58053793638216
"linear_zi",453,1.93635863043755
"linear_zi",454,1.81759183786719
"linear_zi",455,1.66937278359336
"linear_zi",456,1.62754637035495
"linear_zi",457,1.36249567040188
"linear_zi",458,1.56765918318955
"linear_zi",459,1.32810677145302
"linear_zi",460,1.38020963488346
"linear_zi",461,1.55791681849779
"linear_zi",462,1.41898225214681
"linear_zi",463,1.49239113501923
"linear_zi",464,1.461305375499
"linear_zi",465,1.29500591130251
"linear_zi",466,1.46351041771237
"linear_zi",467,1.4205948255259
"linear_zi",468,1.31212971163147
"linear_zi",469,1.23661744017367
"linear_zi",470,1.57050115868272
"linear_zi",471,1.17067557486806
"linear_zi",472,1.16079204686056
"linear_zi",473,1.13760896228466
"linear_zi",474,1.24276358593761
"linear_zi",475,1.24139198743522
"linear_zi",476,1.36163483280544
"linear_zi",477,1.34932626457248
"linear_zi",478,1.40838017177991
"linear_zi",479,1.41679394579342
"linear_zi",480,1.59935942188231
"linear_zi",481,1.53606642122015
"linear_zi",482,1.34832535076022
"linear_zi",483,1.05004787284197
"linear_zi",484,1.35445691797953
"linear_zi",485,1.19461524520779
"linear_zi",486,1.47159477170847
"linear_zi",487,1.50978457870662
"linear_zi",488,1.3575887199356
"linear_zi",489,1.28883756620344
"linear_zi",490,1.37659332324629
"linear_zi",491,1.29776791847473
"linear_zi",492,1.4167265157503
"linear_zi",493,1.6967048192795
"linear_zi",494,1.837779074359
"linear_zi",495,1.6422867816224
"linear_zi",496,1.74317112797436
"linear_zi",497,1.64157365147274
"linear_zi",498,1.76265228020645
"linear_zi",499,1.49557571689021
"linear_zi",500,1.48399682240302
"linear_extreme_zi",1,0.722851937986801
"linear_extreme_zi",2,1.00619755196791
"linear_extreme_zi",3,1.19659820742204
"linear_extreme_zi",4,1.13913761022978
"linear_extreme_zi",5,0.993838619223736
"linear_extreme_zi",6,0.695092210306595
"linear_extreme_zi",7,0.736165606808366
"linear_extreme_zi",8,0.823819655018179
"linear_extreme_zi",9,0.692176548813682
"linear_extreme_zi",10,0.647207208325112
"linear_extreme_zi",11,0.946044435372768
"linear_extreme_zi",12,0.877599963177307
"linear_extreme_zi",13,0.843444840897549
"linear_extreme_zi",14,1.22966715875845
"linear_extreme_zi",15,1.33887042567889
"linear_extreme_zi",16,1.25314707118289
"linear_extreme_zi",17,1.05529090602641
"linear_extreme_zi",18,0.870728345664574
"linear_extreme_zi",19,0.850525071526929
"linear_extreme_zi",20,0.854286630381639
"linear_extreme_zi",21,0.670420531649659
"linear_extreme_zi",22,0.803700201267643
"linear_extreme_zi",23,0.778074053274867
"linear_extreme_zi",24,0.883794447145288
"linear_extreme_zi",25,0.957647071112578
"linear_extreme_zi",26,0.80356444136188
"linear_extreme_zi",27,1.05578265316386
"linear_extreme_zi",28,0.932702123286484
"linear_extreme_zi",29,1.1061890233402
"linear_extreme_zi",30,0.938717306355389
"linear_extreme_zi",31,0.925766564212143
"linear_extreme_zi",32,0.80880469456931
"linear_extreme_zi",33,0.861547415501482
"linear_extreme_zi",34,0.766219587776741
"linear_extreme_zi",35,0.950517819841677
"linear_extreme_zi",36,0.894975001185775
"linear_extreme_zi",37,0.645319761600665
"linear_extreme_zi",38,0.558877992934579
"linear_extreme_zi",39,0.586785829953091
"linear_extreme_zi",40,0.549732854217933
"linear_extreme_zi",41,0.820567074165031
"linear_extreme_zi",42,0.80600197972697
"linear_extreme_zi",43,0.713244541438046
"linear_extreme_zi",44,0.705095022470158
"linear_extreme_zi",45,0.897477924798031
"linear_extreme_zi",46,0.794801805126944
"linear_extreme_zi",47,0.992905827088566
"linear_extreme_zi",48,1.12314293514684
"linear_extreme_zi",49,0.66254022821434
"linear_extreme_zi",50,0.918941834116831
"linear_extreme_zi",51,1.13877364696405
"linear_extreme_zi",52,0.965318252276639
"linear_extreme_zi",53,0.779209821327632
"linear_extreme_zi",54,0.65095316265628
"linear_extreme_zi",55,0.80259926311205
"linear_extreme_zi",56,1.01184886821377
"linear_extreme_zi",57,1.0824930443334
"linear_extreme_zi",58,0.951796029400038
"linear_extreme_zi",59,0.928253986994118
"linear_extreme_zi",60,0.820581105052884
"linear_extreme_zi",61,0.777935056214028
"linear_extreme_zi",62,0.930745446369453
"linear_extreme_zi",63,0.979290568505171
"linear_extreme_zi",64,0.999226635280492
"linear_extreme_zi",65,1.06011985593831
"linear_extreme_zi",66,1.16925979087165
"linear_extreme_zi",67,1.03696721871675
"linear_extreme_zi",68,1.12507504906875
"linear_extreme_zi",69,0.983197208162161
"linear_extreme_zi",70,0.79666907399824
"linear_extreme_zi",71,0.778621705939404
"linear_extreme_zi",72,0.986637095129563
"linear_extreme_zi",73,0.963254827685363
"linear_extreme_zi",74,1.00255280011498
"linear_extreme_zi",75,1.05142604731522
"linear_extreme_zi",76,0.871992451785074
"linear_extreme_zi",77,1.19102981572338
"linear_extreme_zi",78,0.878029550123956
"linear_extreme_zi",79,1.10595421407005
"linear_extreme_zi",80,1.13056774605225
"linear_extreme_zi",81,0.896208500628362
"linear_extreme_zi",82,0.823267991400883
"linear_extreme_zi",83,1.02002278860387
"linear_extreme_zi",84,1.05402453245448
"linear_extreme_zi",85,1.16498464572808
"linear_extreme_zi",86,1.34006926457225
"linear_extreme_zi",87,1.33971105833883
"linear_extreme_zi",88,1.25217513956245
"linear_extreme_zi",89,1.09305891876507
"linear_extreme_zi",90,1.16443129067921
"linear_extreme_zi",91,0.965777488901756
"linear_extreme_zi",92,1.03554309462739
"linear_extreme_zi",93,1.2064673985211
"linear_extreme_zi",94,1.2720141366132
"linear_extreme_zi",95,1.16936663928486
"linear_extreme_zi",96,1.32595367958938
"linear_extreme_zi",97,1.38416105187183
"linear_extreme_zi",98,1.18955284152285
"linear_extreme_zi",99,1.49117681740315
"linear_extreme_zi",100,1.18140777041255
"linear_extreme_zi",101,0.939117740518136
"linear_extreme_zi",102,0.946738754198011
"linear_extreme_zi",103,0.914548896709031
"linear_extreme_zi",104,0.992002624295021
"linear_extreme_zi",105,1.31722155814399
"linear_extreme_zi",106,1.09028817663819
"linear_extreme_zi",107,0.846473890008562
"linear_extreme_zi",108,0.928135666159773
"linear_extreme_zi",109,0.899022248400395
"linear_extreme_zi",110,0.732030513839446
"linear_extreme_zi",111,0.830411648017749
"linear_extreme_zi",112,0.779277960839718
"linear_extreme_zi",113,0.833431388086076
"linear_extreme_zi",114,1.01776131207453
"linear_extreme_zi",115,0.650326129532983
"linear_extreme_zi",116,0.773219168818021
"linear_extreme_zi",117,1.0201246791179
"linear_extreme_zi",118,1.07459008690037
"linear_extreme_zi",119,0.808145948953489
"linear_extreme_zi",120,0.963463744708962
"linear_extreme_zi",121,1.265950133834
"linear_extreme_zi",122,0.921331167753216
"linear_extreme_zi",123,0.900667354440301
"linear_extreme_zi",124,0.901854468801639
"linear_extreme_zi",125,1.07376033659514
"linear_extreme_zi",126,0.786127983253927
"linear_extreme_zi",127,0.768190625838205
"linear_extreme_zi",128,0.866829563550374
"linear_extreme_zi",129,0.787185541281828
"linear_extreme_zi",130,0.890975951936248
"linear_extreme_zi",131,1.10573938193318
"linear_extreme_zi",132,1.01081713336534
"linear_extreme_zi",133,0.856565054262934
"linear_extreme_zi",134,0.92725270315597
"linear_extreme_zi",135,0.651038048343179
"linear_extreme_zi",136,0.71767301068167
"linear_extreme_zi",137,0.678150959772677
"linear_extreme_zi",138,0.611819236891985
"linear_extreme_zi",139,0.834571245669206
"linear_extreme_zi",140,1.1708643264467
"linear_extreme_zi",141,0.806838800597807
"linear_extreme_zi",142,0.832737895334924
"linear_extreme_zi",143,0.847171828592714
"linear_extreme_zi",144,1.05667728766886
"linear_extreme_zi",145,0.74952546782364
"linear_extreme_zi",146,0.818417430755161
"linear_extreme_zi",147,0.883266974280798
"linear_extreme_zi",148,0.893741670445679
"linear_extreme_zi",149,0.959360668575769
"linear_extreme_zi",150,0.798817611547687
"linear_extreme_zi",151,0.83350884574542
"linear_extreme_zi",152,0.505137169594433
"linear_extreme_zi",153,0.276380351988332
"linear_extreme_zi",154,0.514865665211342
"linear_extreme_zi",155,0.641842123023448
"linear_extreme_zi",156,0.701074802783395
"linear_extreme_zi",157,0.742123363809855
"linear_extreme_zi",158,0.5732976151824
"linear_extreme_zi",159,0.395213431697627
"linear_extreme_zi",160,0.612676229610065
"linear_extreme_zi",161,0.642136027777191
"linear_extreme_zi",162,0.510675515076016
"linear_extreme_zi",163,0.00819069985245868
"linear_extreme_zi",164,0.0781244702664957
"linear_extreme_zi",165,0.0961268532924672
"linear_extreme_zi",166,0.271060513207742
"linear_extreme_zi",167,0.471878345615006
"linear_extreme_zi",168,0.454688975431675
"linear_extreme_zi",169,0.31769307058574
"linear_extreme_zi",170,0.573950247793487
"linear_extreme_zi",171,0.509966059884771
"linear_extreme_zi",172,0.828525047195793
"linear_extreme_zi",173,0.820199206163317
"linear_extreme_zi",174,0.570955202273497
"linear_extreme_zi",175,0.774246398755134
"linear_extreme_zi",176,0.435504444140607
"linear_extreme_zi",177,0.838042895188809
"linear_extreme_zi",178,0.844129282264046
"linear_extreme_zi",179,0.750218137480561
"linear_extreme_zi",180,0.781041069922546
"linear_extreme_zi",181,0.668847783974037
"linear_extreme_zi",182,0.850570861973071
"linear_extreme_zi",183,0.627849862799994
"linear_extreme_zi",184,0.648957511061316
"linear_extreme_zi",185,0.557492078755298
"linear_extreme_zi",186,0.382262486141231
"linear_extreme_zi",187,0.416751836150337
"linear_extreme_zi",188,0.592027007641854
"linear_extreme_zi",189,0.695692112553985
"linear_extreme_zi",190,0.570190918116883
"linear_extreme_zi",191,0.83027996775359
"linear_extreme_zi",192,0.663683172378326
"linear_extreme_zi",193,0.583122207196248
"linear_extreme_zi",194,0.679661863174565
"linear_extreme_zi",195,0.661425996408663
"linear_extreme_zi",196,0.593473718082492
"linear_extreme_zi",197,0.741109912161116
"linear_extreme_zi",198,0.744176109222978
"linear_extreme_zi",199,0.503531575261652
"linear_extreme_zi",200,0.67570049719928
"linear_extreme_zi",201,0.581480627181488
"linear_extreme_zi",202,0.717654559998717
"linear_extreme_zi",203,0.773428732688504
"linear_extreme_zi",204,0.717208888437454
"linear_extreme_zi",205,0.752574888299682
"linear_extreme_zi",206,0.60482697466881
"linear_extreme_zi",207,0.821009463574903
"linear_extreme_zi",208,0.584001850307205
"linear_extreme_zi",209,0.546825612840828
"linear_extreme_zi",210,0.729917907388746
"linear_extreme_zi",211,0.712257527430736
"linear_extreme_zi",212,0.618838240208175
"linear_extreme_zi",213,0.455910762994804
"linear_extreme_zi",214,0.41642039726753
"linear_extreme_zi",215,0.368308460949128
"linear_extreme_zi",216,0.753944129948916
"linear_extreme_zi",217,0.844903322378615
"linear_extreme_zi",218,0.756466264987021
"linear_extreme_zi",219,0.628613044132524
"linear_extreme_zi",220,0.727481167582863
"linear_extreme_zi",221,0.81896538640988
"linear_extreme_zi",222,0.858922954038437
"linear_extreme_zi",223,0.874633758166749
"linear_extreme_zi",224,0.679558092828642
"linear_extreme_zi",225,0.685039684296864
"linear_extreme_zi",226,0.892543352750464
"linear_extreme_zi",227,0.91128736402444
"linear_extreme_zi",228,0.796293517392342
"linear_extreme_zi",229,1.00648875681051
"linear_extreme_zi",230,1.01750011512795
"linear_extreme_zi",231,0.994172637615009
"linear_extreme_zi",232,0.881890177631767
"linear_extreme_zi",233,0.635039105862959
"linear_extreme_zi",234,0.797376916182789
"linear_extreme_zi",235,0.542528899593351
"linear_extreme_zi",236,0.497672780194736
"linear_extreme_zi",237,0.45392819692457
"linear_extreme_zi",238,0.62613452531673
"linear_extreme_zi",239,0.697240063576164
"linear_extreme_zi",240,0.701675066834104
"linear_extreme_zi",241,0.898445713837063
"linear_extreme_zi",242,0.849313625147286
"linear_extreme_zi",243,0.7307752515367
"linear_extreme_zi",244,0.48726963861965
"linear_extreme_zi",245,0.412363955316708
"linear_extreme_zi",246,0.432288140134869
"linear_extreme_zi",247,0.302591324025556
"linear_extreme_zi",248,0.663528167712733
"linear_extreme_zi",249,0.766778651812117
"linear_extreme_zi",250,0.590800266510533
"linear_extreme_zi",251,0.901292553736682
"linear_extreme_zi",252,0.866828965157027
"linear_extreme_zi",253,0.926675130693525
"linear_extreme_zi",254,1.02253734015992
"linear_extreme_zi",255,0.704019784927037
"linear_extreme_zi",256,0.62760681863096
"linear_extreme_zi",257,0.785454502112557
"linear_extreme_zi",258,0.777652442781561
"linear_extreme_zi",259,0.70240028139008
"linear_extreme_zi",260,0.545132148453012
"linear_extreme_zi",261,0.614700311507346
"linear_extreme_zi",262,0.467329336376792
"linear_extreme_zi",263,0.60431965447299
"linear_extreme_zi",264,1.03222236121552
"linear_extreme_zi",265,0.767326195984136
"linear_extreme_zi",266,0.844681740576115
"linear_extreme_zi",267,0.808821947543051
"linear_extreme_zi",268,0.81570922180457
"linear_extreme_zi",269,0.727649013461761
"linear_extreme_zi",270,0.619869604404685
"linear_extreme_zi",271,0.490759857180271
"linear_extreme_zi",272,0.42027717824045
"linear_extreme_zi",273,0.475312894859761
"linear_extreme_zi",274,0.657931862046119
"linear_extreme_zi",275,0.356814509873571
"linear_extreme_zi",276,0.370851779800281
"linear_extreme_zi",277,0.39219515949538
"linear_extreme_zi",278,0.746009835671956
"linear_extreme_zi",279,0.743624490873929
"linear_extreme_zi",280,0.892730909598794
"linear_extreme_zi",281,0.973954753946997
"linear_extreme_zi",282,0.81826825007459
"linear_extreme_zi",283,0.68838396951776
"linear_extreme_zi",284,0.760392098499331
"linear_extreme_zi",285,0.4957765612531
"linear_extreme_zi",286,0.722319752230333
"linear_extreme_zi",287,0.557379091060111
"linear_extreme_zi",288,0.581073569852499
"linear_extreme_zi",289,0.494865199692307
"linear_extreme_zi",290,0.677046949263214
"linear_extreme_zi",291,0.710097565446108
"linear_extreme_zi",292,0.769054963037464
"linear_extreme_zi",293,0.860842104132746
"linear_extreme_zi",294,0.777614781762772
"linear_extreme_zi",295,1.00941604893281
"linear_extreme_zi",296,1.16434879981603
"linear_extreme_zi",297,1.3415912355392
"linear_extreme_zi",298,1.1485021425562
"linear_extreme_zi",299,0.990748774008342
"linear_extreme_zi",300,0.903017300936805
"linear_extreme_zi",301,1.04696233021551
"linear_extreme_zi",302,0.746734050702806
"linear_extreme_zi",303,0.997965171590098
"linear_extreme_zi",304,0.626955789299093
"linear_extreme_zi",305,0.625519684386875
"linear_extreme_zi",306,1.03159488589359
"linear_extreme_zi",307,0.94002138031261
"linear_extreme_zi",308,0.738748081138154
"linear_extreme_zi",309,0.980138611433831
"linear_extreme_zi",310,0.93822514975666
"linear_extreme_zi",311,1.04103964155736
"linear_extreme_zi",312,0.878977843251574
"linear_extreme_zi",313,1.12700190018034
"linear_extreme_zi",314,1.08221032306095
"linear_extreme_zi",315,1.00995815618009
"linear_extreme_zi",316,0.870781213535734
"linear_extreme_zi",317,0.802179695975666
"linear_extreme_zi",318,0.845203721752919
"linear_extreme_zi",319,0.857863896436936
"linear_extreme_zi",320,0.960773997800549
"linear_extreme_zi",321,0.905069735006085
"linear_extreme_zi",322,0.635643435768073
"linear_extreme_zi",323,0.497436715732099
"linear_extreme_zi",324,0.567292487725234
"linear_extreme_zi",325,0.611506007353156
"linear_extreme_zi",326,0.788809842949559
"linear_extreme_zi",327,0.556294877150741
"linear_extreme_zi",328,0.639669146336148
"linear_extreme_zi",329,0.706790662915875
"linear_extreme_zi",330,0.572523288918103
"linear_extreme_zi",331,0.728366760646064
"linear_extreme_zi",332,0.942240155466819
"linear_extreme_zi",333,0.924301133613912
"linear_extreme_zi",334,0.817235649484045
"linear_extreme_zi",335,0.882444986044106
"linear_extreme_zi",336,0.892994847969356
"linear_extreme_zi",337,0.751792759754868
"linear_extreme_zi",338,0.728902733961837
"linear_extreme_zi",339,0.804821808819781
"linear_extreme_zi",340,0.590264743092019
"linear_extreme_zi",341,0.605742151018367
"linear_extreme_zi",342,0.289290456254287
"linear_extreme_zi",343,0.283686490616885
"linear_extreme_zi",344,0.421370609690594
"linear_extreme_zi",345,0.558177382678042
"linear_extreme_zi",346,0.408409529849107
"linear_extreme_zi",347,0.534550509699821
"linear_extreme_zi",348,0.571297429809195
"linear_extreme_zi",349,0.595384408276486
"linear_extreme_zi",350,0.64055899884943
"linear_extreme_zi",351,0.739389844294984
"linear_extreme_zi",352,0.796191466684265
"linear_extreme_zi",353,0.82500697655784
"linear_extreme_zi",354,0.807313256957641
"linear_extreme_zi",355,0.876441315631796
"linear_extreme_zi",356,1.15945153538452
"linear_extreme_zi",357,0.969579306901656
"linear_extreme_zi",358,0.855025955125145
"linear_extreme_zi",359,0.951117826736766
"linear_extreme_zi",360,0.772007713338046
"linear_extreme_zi",361,0.757080308918627
"linear_extreme_zi",362,0.979678163847095
"linear_extreme_zi",363,0.963415280864589
"linear_extreme_zi",364,1.16878996595417
"linear_extreme_zi",365,1.15453013984755
"linear_extreme_zi",366,0.750011587747765
"linear_extreme_zi",367,0.616933801719813
"linear_extreme_zi",368,0.674850774047903
"linear_extreme_zi",369,0.728132609676849
"linear_extreme_zi",370,0.801441073177736
"linear_extreme_zi",371,0.653569876695323
"linear_extreme_zi",372,0.599834354850903
"linear_extreme_zi",373,0.651686007212361
"linear_extreme_zi",374,1.13065736081876
"linear_extreme_zi",375,0.926498755141941
"linear_extreme_zi",376,0.953022955287075
"linear_extreme_zi",377,0.909946695908525
"linear_extreme_zi",378,1.16805757128645
"linear_extreme_zi",379,0.928179140826259
"linear_extreme_zi",380,0.844359599335683
"linear_extreme_zi",381,0.53685548246708
"linear_extreme_zi",382,0.735221872536343
"linear_extreme_zi",383,1.07290398692974
"linear_extreme_zi",384,0.933255446076672
"linear_extreme_zi",385,0.810408786006768
"linear_extreme_zi",386,0.624255083450519
"linear_extreme_zi",387,0.628460047885159
"linear_extreme_zi",388,0.774351886849637
"linear_extreme_zi",389,0.800117685953852
"linear_extreme_zi",390,0.69187103707077
"linear_extreme_zi",391,0.894482219146159
"linear_extreme_zi",392,1.22220930734708
"linear_extreme_zi",393,1.22348210526473
"linear_extreme_zi",394,1.32427235174112
"linear_extreme_zi",395,1.29969083719283
"linear_extreme_zi",396,1.30187318784618
"linear_extreme_zi",397,1.1962760987293
"linear_extreme_zi",398,1.16237563260519
"linear_extreme_zi",399,1.01913592387224
"linear_extreme_zi",400,1.12138349310913
"linear_extreme_zi",401,1.0172415782929
"linear_extreme_zi",402,1.2094061315118
"linear_extreme_zi",403,1.13522388213473
"linear_extreme_zi",404,0.992933665707475
"linear_extreme_zi",405,0.968449191817329
"linear_extreme_zi",406,1.01220249142881
"linear_extreme_zi",407,0.9871374576575
"linear_extreme_zi",408,1.07986842000317
"linear_extreme_zi",409,0.777885532662711
"linear_extreme_zi",410,0.846965750301077
"linear_extreme_zi",411,0.66102840521862
"linear_extreme_zi",412,0.801353888573437
"linear_extreme_zi",413,0.899991900144435
"linear_extreme_zi",414,0.690254200585712
"linear_extreme_zi",415,0.863336752364697
"linear_extreme_zi",416,0.963436317339944
"linear_extreme_zi",417,1.01402741691209
"linear_extreme_zi",418,0.800425137431674
"linear_extreme_zi",419,0.646044167431373
"linear_extreme_zi",420,0.57275257061176
"linear_extreme_zi",421,0.63434774793515
"linear_extreme_zi",422,0.788558773292053
"linear_extreme_zi",423,0.867532635487862
"linear_extreme_zi",424,1.00801057267236
"linear_extreme_zi",425,0.822578009820133
"linear_extreme_zi",426,0.597243487341198
"linear_extreme_zi",427,0.744745892462725
"linear_extreme_zi",428,0.639582785457883
"linear_extreme_zi",429,0.577046624433021
"linear_extreme_zi",430,0.576098221387564
"linear_extreme_zi",431,0.66918559607627
"linear_extreme_zi",432,0.768355097914256
"linear_extreme_zi",433,0.713584354308883
"linear_extreme_zi",434,0.819171533564293
"linear_extreme_zi",435,1.0481623600861
"linear_extreme_zi",436,1.00870510431701
"linear_extreme_zi",437,1.01477592154784
"linear_extreme_zi",438,1.21660786911777
"linear_extreme_zi",439,1.11452535939714
"linear_extreme_zi",440,0.81707628251071
"linear_extreme_zi",441,1.01394752447404
"linear_extreme_zi",442,0.951542242546529
"linear_extreme_zi",443,1.07768973346476
"linear_extreme_zi",444,0.890886922219694
"linear_extreme_zi",445,0.979804506591156
"linear_extreme_zi",446,0.866429159733864
"linear_extreme_zi",447,0.76136808468814
"linear_extreme_zi",448,0.791816302765257
"linear_extreme_zi",449,0.839482581716831
"linear_extreme_zi",450,0.811870100621337
"linear_extreme_zi",451,0.650389571338485
"linear_extreme_zi",452,0.523232585327777
"linear_extreme_zi",453,0.558211621988272
"linear_extreme_zi",454,0.838381382279459
"linear_extreme_zi",455,0.67588341774405
"linear_extreme_zi",456,0.571587286547911
"linear_extreme_zi",457,0.673225142844523
"linear_extreme_zi",458,0.591144768538532
"linear_extreme_zi",459,0.750029714320053
"linear_extreme_zi",460,0.655088399562355
"linear_extreme_zi",461,0.722461185452868
"linear_extreme_zi",462,0.784114094613364
"linear_extreme_zi",463,0.662192715434178
"linear_extreme_zi",464,0.944096554084848
"linear_extreme_zi",465,0.638533963504851
"linear_extreme_zi",466,0.737933332038412
"linear_extreme_zi",467,0.794811923276206
"linear_extreme_zi",468,0.780276099774956
"linear_extreme_zi",469,0.808040375297718
"linear_extreme_zi",470,0.972761092677548
"linear_extreme_zi",471,0.847081251206822
"linear_extreme_zi",472,0.977807612466165
"linear_extreme_zi",473,1.0060474378433
"linear_extreme_zi",474,0.865145286083999
"linear_extreme_zi",475,0.769935161578581
"linear_extreme_zi",476,0.943634122869644
"linear_extreme_zi",477,0.74229890421479
"linear_extreme_zi",478,0.730335298425339
"linear_extreme_zi",479,0.461968328672629
"linear_extreme_zi",480,0.503902388736528
"linear_extreme_zi",481,0.637719820799379
"linear_extreme_zi",482,0.764045449227963
"linear_extreme_zi",483,0.524711227633719
"linear_extreme_zi",484,0.851372339924348
"linear_extreme_zi",485,0.617412258854683
"linear_extreme_zi",486,0.739312574568661
"linear_extreme_zi",487,0.705410652917278
"linear_extreme_zi",488,0.881068441583198
"linear_extreme_zi",489,0.690807741376705
"linear_extreme_zi",490,0.605419501400654
"linear_extreme_zi",491,0.812802407153146
"linear_extreme_zi",492,0.919185619164214
"linear_extreme_zi",493,0.901665288238401
"linear_extreme_zi",494,0.784283919221206
"linear_extreme_zi",495,0.548269921783459
"linear_extreme_zi",496,0.4024788448322
"linear_extreme_zi",497,0.526977456899512
"linear_extreme_zi",498,0.351470966277792
"linear_extreme_zi",499,0.457093190800414
"linear_extreme_zi",500,0.597504813292766
"nonlinear_zi",1,0.967589300264105
"nonlinear_zi",2,0.958978792264634
"nonlinear_zi",3,0.990984528154245
"nonlinear_zi",4,0.958626047979914
"nonlinear_zi",5,0.945648872171995
"nonlinear_zi",6,0.891788653355401
"nonlinear_zi",7,0.881600597872036
"nonlinear_zi",8,1.05544209925046
"nonlinear_zi",9,1.17790337932626
"nonlinear_zi",10,1.15085953690313
"nonlinear_zi",11,1.24082781797343
"nonlinear_zi",12,1.15767715265411
"nonlinear_zi",13,1.39708698786387
"nonlinear_zi",14,1.40101255451924
"nonlinear_zi",15,1.42027916028708
"nonlinear_zi",16,1.4540667373902
"nonlinear_zi",17,1.4344505550694
"nonlinear_zi",18,1.47638394201452
"nonlinear_zi",19,1.01584605736023
"nonlinear_zi",20,1.19337728624416
"nonlinear_zi",21,1.26889898306987
"nonlinear_zi",22,1.3286887324336
"nonlinear_zi",23,1.26689540558926
"nonlinear_zi",24,0.986690072940478
"nonlinear_zi",25,1.20898020561001
"nonlinear_zi",26,1.15875081071954
"nonlinear_zi",27,1.01964184723502
"nonlinear_zi",28,1.00829679501842
"nonlinear_zi",29,1.00788249723041
"nonlinear_zi",30,1.0835665015696
"nonlinear_zi",31,1.10339405466507
"nonlinear_zi",32,0.966536728823079
"nonlinear_zi",33,1.11130095319277
"nonlinear_zi",34,1.08586034446028
"nonlinear_zi",35,1.21151675980803
"nonlinear_zi",36,1.12024879868702
"nonlinear_zi",37,1.19141592153276
"nonlinear_zi",38,1.27019855595047
"nonlinear_zi",39,1.24677021753987
"nonlinear_zi",40,1.01257121344365
"nonlinear_zi",41,1.2329085565707
"nonlinear_zi",42,1.20540142847158
"nonlinear_zi",43,1.02683741252059
"nonlinear_zi",44,1.16483400574526
"nonlinear_zi",45,1.04368246615483
"nonlinear_zi",46,1.13393964050711
"nonlinear_zi",47,1.12846847273153
"nonlinear_zi",48,0.859937953564286
"nonlinear_zi",49,1.161975484064
"nonlinear_zi",50,1.18059523604581
"nonlinear_zi",51,1.12023785529908
"nonlinear_zi",52,1.24758913289128
"nonlinear_zi",53,1.28534182177484
"nonlinear_zi",54,1.31947269659053
"nonlinear_zi",55,1.29777265927521
"nonlinear_zi",56,1.20277677923092
"nonlinear_zi",57,1.19671849326595
"nonlinear_zi",58,1.11395034030984
"nonlinear_zi",59,1.1694601271296
"nonlinear_zi",60,0.950990595805756
"nonlinear_zi",61,0.960791829938278
"nonlinear_zi",62,0.931975966841815
"nonlinear_zi",63,0.894661963094789
"nonlinear_zi",64,1.14939764426149
"nonlinear_zi",65,1.05051864248551
"nonlinear_zi",66,1.30652781410114
"nonlinear_zi",67,1.45290409880299
"nonlinear_zi",68,1.30927332672003
"nonlinear_zi",69,1.42625289068235
"nonlinear_zi",70,1.44105647837717
"nonlinear_zi",71,1.58841577120477
"nonlinear_zi",72,1.30393327965077
"nonlinear_zi",73,1.46104302501619
"nonlinear_zi",74,1.56077727643428
"nonlinear_zi",75,1.46049817296063
"nonlinear_zi",76,1.35231179798722
"nonlinear_zi",77,1.17458763886771
"nonlinear_zi",78,1.31109851206901
"nonlinear_zi",79,1.1036322158995
"nonlinear_zi",80,1.17545309395768
"nonlinear_zi",81,1.01558425682639
"nonlinear_zi",82,1.17694237922829
"nonlinear_zi",83,1.14814497003102
"nonlinear_zi",84,1.31171609373946
"nonlinear_zi",85,1.47642629408205
"nonlinear_zi",86,1.47930553278807
"nonlinear_zi",87,1.21437540980459
"nonlinear_zi",88,1.35778861558068
"nonlinear_zi",89,1.04206458075766
"nonlinear_zi",90,1.22242653214728
"nonlinear_zi",91,0.960949607289257
"nonlinear_zi",92,1.00750254818057
"nonlinear_zi",93,1.28521206448064
"nonlinear_zi",94,1.00658216130166
"nonlinear_zi",95,1.01370625230117
"nonlinear_zi",96,1.02245635614584
"nonlinear_zi",97,1.15759018474904
"nonlinear_zi",98,0.982213695845249
"nonlinear_zi",99,0.954641686044253
"nonlinear_zi",100,1.00690121573581
"nonlinear_zi",101,1.09082453454641
"nonlinear_zi",102,1.07477922222445
"nonlinear_zi",103,1.25344945202085
"nonlinear_zi",104,1.17383151026724
"nonlinear_zi",105,1.35287496391986
"nonlinear_zi",106,1.38916419304591
"nonlinear_zi",107,1.28475508977042
"nonlinear_zi",108,1.36816279608479
"nonlinear_zi",109,1.20550874515754
"nonlinear_zi",110,1.21502697173848
"nonlinear_zi",111,1.30291732163224
"nonlinear_zi",112,1.37090617479208
"nonlinear_zi",113,1.32988537508421
"nonlinear_zi",114,1.11428865618159
"nonlinear_zi",115,1.15282098589331
"nonlinear_zi",116,1.17655399567544
"nonlinear_zi",117,1.12148906427557
"nonlinear_zi",118,1.18223544177814
"nonlinear_zi",119,1.50843076831772
"nonlinear_zi",120,1.39670948814122
"nonlinear_zi",121,1.24560876472491
"nonlinear_zi",122,1.1611335060011
"nonlinear_zi",123,1.31160160522638
"nonlinear_zi",124,1.17863130448565
"nonlinear_zi",125,1.58021446113864
"nonlinear_zi",126,1.26976096252251
"nonlinear_zi",127,1.16248213447512
"nonlinear_zi",128,1.27840640704682
"nonlinear_zi",129,1.06393799252292
"nonlinear_zi",130,1.12959981592966
"nonlinear_zi",131,1.28082327889763
"nonlinear_zi",132,1.21755431828661
"nonlinear_zi",133,1.36705855157681
"nonlinear_zi",134,1.44179087586622
"nonlinear_zi",135,1.07359310390325
"nonlinear_zi",136,1.08593631015138
"nonlinear_zi",137,1.12211117871418
"nonlinear_zi",138,1.26997031448437
"nonlinear_zi",139,1.22767637580652
"nonlinear_zi",140,1.26930438877609
"nonlinear_zi",141,1.15803091240695
"nonlinear_zi",142,1.33413640145335
"nonlinear_zi",143,1.23290605561185
"nonlinear_zi",144,1.12515275656592
"nonlinear_zi",145,1.22584395528267
"nonlinear_zi",146,1.17117582682688
"nonlinear_zi",147,1.20380461851499
"nonlinear_zi",148,1.40795642570017
"nonlinear_zi",149,1.16886630942894
"nonlinear_zi",150,0.948328983428784
"nonlinear_zi",151,1.05635083548332
"nonlinear_zi",152,1.36958305685427
"nonlinear_zi",153,1.08130836939112
"nonlinear_zi",154,1.20141502692975
"nonlinear_zi",155,1.44450726707773
"nonlinear_zi",156,1.05578286723255
"nonlinear_zi",157,1.02490073745753
"nonlinear_zi",158,1.0878314072318
"nonlinear_zi",159,1.12492834925919
"nonlinear_zi",160,1.41296828041603
"nonlinear_zi",161,1.3423832126106
"nonlinear_zi",162,1.22456093740874
"nonlinear_zi",163,1.10993945843397
"nonlinear_zi",164,1.22480011004978
"nonlinear_zi",165,1.24009617607093
"nonlinear_zi",166,1.13320795308157
"nonlinear_zi",167,1.42719361710459
"nonlinear_zi",168,1.55012298567778
"nonlinear_zi",169,1.3835836472792
"nonlinear_zi",170,1.37862322309896
"nonlinear_zi",171,1.44621888638825
"nonlinear_zi",172,1.27348552309016
"nonlinear_zi",173,1.40224598999955
"nonlinear_zi",174,1.40966500364621
"nonlinear_zi",175,1.03905935405226
"nonlinear_zi",176,1.22905531009208
"nonlinear_zi",177,1.03102979170877
"nonlinear_zi",178,1.1890646977434
"nonlinear_zi",179,1.26738677922039
"nonlinear_zi",180,1.15278152356355
"nonlinear_zi",181,0.902905927226648
"nonlinear_zi",182,1.19287778952945
"nonlinear_zi",183,1.18104725545142
"nonlinear_zi",184,0.935216747836132
"nonlinear_zi",185,1.15964870888831
"nonlinear_zi",186,1.21531712516792
"nonlinear_zi",187,1.30699889957264
"nonlinear_zi",188,1.23638022516976
"nonlinear_zi",189,1.06114469241683
"nonlinear_zi",190,1.14117863005424
"nonlinear_zi",191,1.28533697234573
"nonlinear_zi",192,1.72119812512658
"nonlinear_zi",193,1.65131162484286
"nonlinear_zi",194,1.69952889277329
"nonlinear_zi",195,1.58572697632021
"nonlinear_zi",196,1.72897148390447
"nonlinear_zi",197,1.57079792514583
"nonlinear_zi",198,1.20067065434999
"nonlinear_zi",199,1.12235055148989
"nonlinear_zi",200,1.26561007337338
"nonlinear_zi",201,1.12055550244629
"nonlinear_zi",202,1.05041151346115
"nonlinear_zi",203,1.47358078839413
"nonlinear_zi",204,1.4027158936155
"nonlinear_zi",205,1.17668398498762
"nonlinear_zi",206,1.09202418966678
"nonlinear_zi",207,1.42874269596938
"nonlinear_zi",208,1.14052459815501
"nonlinear_zi",209,0.993527224764515
"nonlinear_zi",210,1.03388925054974
"nonlinear_zi",211,1.07232112687704
"nonlinear_zi",212,1.20646980001107
"nonlinear_zi",213,1.17373562367004
"nonlinear_zi",214,1.33867958752829
"nonlinear_zi",215,1.26483885217622
"nonlinear_zi",216,1.09621943492333
"nonlinear_zi",217,1.03817927041991
"nonlinear_zi",218,1.10283118466164
"nonlinear_zi",219,1.28998767847701
"nonlinear_zi",220,1.21256977902386
"nonlinear_zi",221,1.16691582917153
"nonlinear_zi",222,1.22576205687274
"nonlinear_zi",223,1.10214384493726
"nonlinear_zi",224,1.12401995869397
"nonlinear_zi",225,1.16294164837168
"nonlinear_zi",226,0.847230333128466
"nonlinear_zi",227,1.02477310151509
"nonlinear_zi",228,1.09314444950196
"nonlinear_zi",229,1.06534211860682
"nonlinear_zi",230,1.11990031852072
"nonlinear_zi",231,1.31967902454073
"nonlinear_zi",232,1.11038633584919
"nonlinear_zi",233,1.16962857020732
"nonlinear_zi",234,1.62791974555152
"nonlinear_zi",235,1.20914773360446
"nonlinear_zi",236,1.22595586150495
"nonlinear_zi",237,1.19777234244199
"nonlinear_zi",238,1.26748846963659
"nonlinear_zi",239,1.28168431140265
"nonlinear_zi",240,1.12720869239134
"nonlinear_zi",241,1.05754261746115
"nonlinear_zi",242,1.21551098276531
"nonlinear_zi",243,0.99483317780086
"nonlinear_zi",244,1.06177764081388
"nonlinear_zi",245,1.06234445400001
"nonlinear_zi",246,1.25775788561728
"nonlinear_zi",247,1.11467510800705
"nonlinear_zi",248,0.843870879641329
"nonlinear_zi",249,0.94368910162037
"nonlinear_zi",250,1.04751440768312
"nonlinear_zi",251,1.2806781290412
"nonlinear_zi",252,1.42595672610796
"nonlinear_zi",253,1.15954514412745
"nonlinear_zi",254,1.01886094454837
"nonlinear_zi",255,1.15928477800404
"nonlinear_zi",256,1.26163234294339
"nonlinear_zi",257,1.36141165932723
"nonlinear_zi",258,1.73392530807375
"nonlinear_zi",259,1.42841462156059
"nonlinear_zi",260,1.6936872925072
"nonlinear_zi",261,1.69821696885192
"nonlinear_zi",262,1.32205625442625
"nonlinear_zi",263,1.52322336494291
"nonlinear_zi",264,1.32835170235942
"nonlinear_zi",265,1.46451865496234
"nonlinear_zi",266,1.3299728088377
"nonlinear_zi",267,1.23695009830313
"nonlinear_zi",268,1.45921966976898
"nonlinear_zi",269,1.27090555327757
"nonlinear_zi",270,1.44405078402308
"nonlinear_zi",271,1.33543583876817
"nonlinear_zi",272,1.54664077730887
"nonlinear_zi",273,1.28236266293922
"nonlinear_zi",274,1.36224523546278
"nonlinear_zi",275,1.13389794997661
"nonlinear_zi",276,1.427477820368
"nonlinear_zi",277,1.21329776717234
"nonlinear_zi",278,1.36807069425966
"nonlinear_zi",279,1.19406262314913
"nonlinear_zi",280,0.963005192514576
"nonlinear_zi",281,1.14027282124167
"nonlinear_zi",282,1.25302346174133
"nonlinear_zi",283,1.19846561126501
"nonlinear_zi",284,1.20637772478344
"nonlinear_zi",285,1.3331239326922
"nonlinear_zi",286,1.06828889301686
"nonlinear_zi",287,1.05350103425279
"nonlinear_zi",288,1.16409207698034
"nonlinear_zi",289,1.11054734139834
"nonlinear_zi",290,1.18455471339855
"nonlinear_zi",291,1.37724654620436
"nonlinear_zi",292,1.52246185964991
"nonlinear_zi",293,1.17925654461527
"nonlinear_zi",294,1.43576972526878
"nonlinear_zi",295,1.36745146466341
"nonlinear_zi",296,1.51891966922714
"nonlinear_zi",297,1.58535314875267
"nonlinear_zi",298,1.53934141086374
"nonlinear_zi",299,1.37782541270588
"nonlinear_zi",300,1.13158636949299
"nonlinear_zi",301,1.34500123753307
"nonlinear_zi",302,1.14566222731724
"nonlinear_zi",303,1.41682427111661
"nonlinear_zi",304,1.53590456796621
"nonlinear_zi",305,1.40738960910067
"nonlinear_zi",306,1.94962181464641
"nonlinear_zi",307,1.4892818433347
"nonlinear_zi",308,1.36134438975389
"nonlinear_zi",309,1.3019620169991
"nonlinear_zi",310,1.52101311576933
"nonlinear_zi",311,1.46964704173263
"nonlinear_zi",312,1.50499788581709
"nonlinear_zi",313,1.02085256669317
"nonlinear_zi",314,1.1574453802417
"nonlinear_zi",315,1.2682867141311
"nonlinear_zi",316,1.09470928631761
"nonlinear_zi",317,1.1140463566164
"nonlinear_zi",318,1.00443729851338
"nonlinear_zi",319,1.10598212082488
"nonlinear_zi",320,1.63123911279287
"nonlinear_zi",321,1.46969910617842
"nonlinear_zi",322,1.61946106846146
"nonlinear_zi",323,1.58205684094952
"nonlinear_zi",324,1.67759285447626
"nonlinear_zi",325,1.3951974697031
"nonlinear_zi",326,1.46246756315377
"nonlinear_zi",327,1.37095551723799
"nonlinear_zi",328,1.50995629065826
"nonlinear_zi",329,1.06553699816413
"nonlinear_zi",330,1.36738051424979
"nonlinear_zi",331,1.27328483664553
"nonlinear_zi",332,1.4072879628001
"nonlinear_zi",333,1.28587044704907
"nonlinear_zi",334,1.22324988232121
"nonlinear_zi",335,1.31331564700342
"nonlinear_zi",336,1.11042457292082
"nonlinear_zi",337,1.18628090390869
"nonlinear_zi",338,1.24448722384834
"nonlinear_zi",339,0.987410034237122
"nonlinear_zi",340,1.2390321916576
"nonlinear_zi",341,1.18191625024416
"nonlinear_zi",342,1.41748075976183
"nonlinear_zi",343,1.30144286208585
"nonlinear_zi",344,1.17726348168012
"nonlinear_zi",345,1.11131668004159
"nonlinear_zi",346,1.12161519381365
"nonlinear_zi",347,1.24792079483863
"nonlinear_zi",348,1.25348265548163
"nonlinear_zi",349,1.31336968174491
"nonlinear_zi",350,1.23500929358262
"nonlinear_zi",351,1.27626136289079
"nonlinear_zi",352,1.07488910355173
"nonlinear_zi",353,0.996210534901493
"nonlinear_zi",354,1.00290120131757
"nonlinear_zi",355,0.974903645332219
"nonlinear_zi",356,0.969891958417138
"nonlinear_zi",357,1.11994235144599
"nonlinear_zi",358,0.986177522902656
"nonlinear_zi",359,1.01435636367011
"nonlinear_zi",360,0.87435632530311
"nonlinear_zi",361,0.89612196712776
"nonlinear_zi",362,0.804762771229744
"nonlinear_zi",363,0.918006899160403
"nonlinear_zi",364,0.918025510600654
"nonlinear_zi",365,0.642842028025449
"nonlinear_zi",366,0.951660468833553
"nonlinear_zi",367,0.966113595459264
"nonlinear_zi",368,1.15235434643413
"nonlinear_zi",369,1.16830039048179
"nonlinear_zi",370,1.06579329285396
"nonlinear_zi",371,1.2038239687266
"nonlinear_zi",372,1.16564797166136
"nonlinear_zi",373,1.37789784700763
"nonlinear_zi",374,1.35368386034792
"nonlinear_zi",375,1.27589389818061
"nonlinear_zi",376,1.40713537675634
"nonlinear_zi",377,1.20458316788482
"nonlinear_zi",378,1.36450443068287
"nonlinear_zi",379,1.22694974947246
"nonlinear_zi",380,1.38855233098031
"nonlinear_zi",381,1.3811633832903
"nonlinear_zi",382,1.41374798698654
"nonlinear_zi",383,1.4220660737452
"nonlinear_zi",384,1.19508606128952
"nonlinear_zi",385,1.27092426011386
"nonlinear_zi",386,1.33019556773971
"nonlinear_zi",387,1.3570614190229
"nonlinear_zi",388,1.50175954659345
"nonlinear_zi",389,1.19094312416962
"nonlinear_zi",390,1.44063871645974
"nonlinear_zi",391,1.09761490105154
"nonlinear_zi",392,0.964244571138189
"nonlinear_zi",393,0.899724564444183
"nonlinear_zi",394,0.710135963440453
"nonlinear_zi",395,0.920053004985474
"nonlinear_zi",396,1.13841517640136
"nonlinear_zi",397,1.00716082121839
"nonlinear_zi",398,1.07969958613762
"nonlinear_zi",399,0.784662576418612
"nonlinear_zi",400,1.11262816246912
"nonlinear_zi",401,1.0065067957474
"nonlinear_zi",402,1.21569398786817
"nonlinear_zi",403,1.29510749989626
"nonlinear_zi",404,1.17233753731344
"nonlinear_zi",405,1.5105358874031
"nonlinear_zi",406,1.11047232702237
"nonlinear_zi",407,1.05379315961902
"nonlinear_zi",408,1.04365926933484
"nonlinear_zi",409,1.28279466579087
"nonlinear_zi",410,1.17157902407691
"nonlinear_zi",411,1.36855288545303
"nonlinear_zi",412,1.10133964498814
"nonlinear_zi",413,1.22515887881485
"nonlinear_zi",414,1.2003610920694
"nonlinear_zi",415,1.2980593286963
"nonlinear_zi",416,1.48580879176277
"nonlinear_zi",417,1.36208073237393
"nonlinear_zi",418,1.12691409741705
"nonlinear_zi",419,1.2761435476475
"nonlinear_zi",420,1.47445955539155
"nonlinear_zi",421,1.28206998311736
"nonlinear_zi",422,1.16088914277182
"nonlinear_zi",423,1.33079041941284
"nonlinear_zi",424,1.38284047300447
"nonlinear_zi",425,1.59554266524252
"nonlinear_zi",426,1.59466370593065
"nonlinear_zi",427,1.71166440381229
"nonlinear_zi",428,1.32441107428211
"nonlinear_zi",429,1.27335676779811
"nonlinear_zi",430,1.37658884377315
"nonlinear_zi",431,1.24451131467225
"nonlinear_zi",432,1.16728184440071
"nonlinear_zi",433,1.39031187811281
"nonlinear_zi",434,1.25803283009202
"nonlinear_zi",435,1.37407226273379
"nonlinear_zi",436,1.33830550871526
"nonlinear_zi",437,1.35681137870714
"nonlinear_zi",438,0.938613240671283
"nonlinear_zi",439,1.08551047671746
"nonlinear_zi",440,1.3333392321839
"nonlinear_zi",441,1.17864220300829
"nonlinear_zi",442,0.911210987192414
"nonlinear_zi",443,0.950897769697937
"nonlinear_zi",444,1.1914427417571
"nonlinear_zi",445,1.3226176824878
"nonlinear_zi",446,1.12626732471626
"nonlinear_zi",447,1.19425902338641
"nonlinear_zi",448,1.12011078329743
"nonlinear_zi",449,1.07586200648238
"nonlinear_zi",450,1.12017965415176
"nonlinear_zi",451,1.0068529019612
"nonlinear_zi",452,0.914263809842172
"nonlinear_zi",453,1.04161448653216
"nonlinear_zi",454,0.988801165190403
"nonlinear_zi",455,1.2940159404063
"nonlinear_zi",456,1.26009076294535
"nonlinear_zi",457,1.0915409890638
"nonlinear_zi",458,1.12579336319419
"nonlinear_zi",459,1.13526173761425
"nonlinear_zi",460,1.15646973729552
"nonlinear_zi",461,1.0226688079684
"nonlinear_zi",462,1.20515782430704
"nonlinear_zi",463,1.04437036706067
"nonlinear_zi",464,1.42518435498718
"nonlinear_zi",465,1.4417394606222
"nonlinear_zi",466,1.165133574736
"nonlinear_zi",467,1.10639112928811
"nonlinear_zi",468,1.17210757431311
"nonlinear_zi",469,1.35494438472689
"nonlinear_zi",470,1.11031692263496
"nonlinear_zi",471,1.22372022193831
"nonlinear_zi",472,1.38382102675033
"nonlinear_zi",473,1.13350590453946
"nonlinear_zi",474,1.17430493560043
"nonlinear_zi",475,1.0981051895913
"nonlinear_zi",476,1.10810063722195
"nonlinear_zi",477,1.02016089145033
"nonlinear_zi",478,1.34404412289941
"nonlinear_zi",479,0.960527508235783
"nonlinear_zi",480,1.10891937252043
"nonlinear_zi",481,0.900970684054503
"nonlinear_zi",482,1.0305155927198
"nonlinear_zi",483,0.929036529821333
"nonlinear_zi",484,0.978824256466857
"nonlinear_zi",485,0.991611795640928
"nonlinear_zi",486,0.997396049851991
"nonlinear_zi",487,0.880299460858179
"nonlinear_zi",488,1.00288466919846
"nonlinear_zi",489,0.901124576325278
"nonlinear_zi",490,1.30671510677933
"nonlinear_zi",491,1.58022193404742
"nonlinear_zi",492,1.36690475565544
"nonlinear_zi",493,1.46907769687663
"nonlinear_zi",494,1.00723734159127
"nonlinear_zi",495,1.31936055595038
"nonlinear_zi",496,1.20900497284974
"nonlinear_zi",497,1.22682930830728
"nonlinear_zi",498,1.02893884564446
"nonlinear_zi",499,1.09137325315412
"nonlinear_zi",500,1.26489558690168
"nonlinear_extreme_zi",1,1.32210421038953
"nonlinear_extreme_zi",2,1.40810965707365
"nonlinear_extreme_zi",3,1.47627235228639
"nonlinear_extreme_zi",4,1.27477889922225
"nonlinear_extreme_zi",5,1.27974956228217
"nonlinear_extreme_zi",6,0.991324473422543
"nonlinear_extreme_zi",7,1.14871266386549
"nonlinear_extreme_zi",8,1.34202241577951
"nonlinear_extreme_zi",9,1.18164691914167
"nonlinear_extreme_zi",10,1.22784544405624
"nonlinear_extreme_zi",11,0.926374570851156
"nonlinear_extreme_zi",12,1.14937577726915
"nonlinear_extreme_zi",13,1.3013099706356
"nonlinear_extreme_zi",14,1.25730987910269
"nonlinear_extreme_zi",15,0.995734027872196
"nonlinear_extreme_zi",16,0.994747620357348
"nonlinear_extreme_zi",17,1.10969303675643
"nonlinear_extreme_zi",18,0.932091037198476
"nonlinear_extreme_zi",19,0.913143595094402
"nonlinear_extreme_zi",20,0.866732119137932
"nonlinear_extreme_zi",21,1.02687993895413
"nonlinear_extreme_zi",22,1.17019464159684
"nonlinear_extreme_zi",23,1.03021304513718
"nonlinear_extreme_zi",24,1.00925018867012
"nonlinear_extreme_zi",25,0.982269202253702
"nonlinear_extreme_zi",26,0.970223971936775
"nonlinear_extreme_zi",27,0.90375095089976
"nonlinear_extreme_zi",28,0.991991497338989
"nonlinear_extreme_zi",29,1.08362000726334
"nonlinear_extreme_zi",30,1.11946484342445
"nonlinear_extreme_zi",31,1.29090000091872
"nonlinear_extreme_zi",32,1.37816373205246
"nonlinear_extreme_zi",33,1.45937047826189
"nonlinear_extreme_zi",34,1.38290380210075
"nonlinear_extreme_zi",35,1.14142231085222
"nonlinear_extreme_zi",36,1.10342370268281
"nonlinear_extreme_zi",37,0.986551672451264
"nonlinear_extreme_zi",38,0.853257289095789
"nonlinear_extreme_zi",39,0.978675454309743
"nonlinear_extreme_zi",40,0.892577352271213
"nonlinear_extreme_zi",41,0.831692324560313
"nonlinear_extreme_zi",42,0.806685281726688
"nonlinear_extreme_zi",43,0.935901936607529
"nonlinear_extreme_zi",44,0.922872358412083
"nonlinear_extreme_zi",45,1.38378973267609
"nonlinear_extreme_zi",46,1.12287922408065
"nonlinear_extreme_zi",47,1.01643075649459
"nonlinear_extreme_zi",48,0.8163121985378
"nonlinear_extreme_zi",49,0.960400027733694
"nonlinear_extreme_zi",50,0.966590100497886
"nonlinear_extreme_zi",51,0.90470476264814
"nonlinear_extreme_zi",52,0.638060411544227
"nonlinear_extreme_zi",53,0.660739248651686
"nonlinear_extreme_zi",54,0.602714280835427
"nonlinear_extreme_zi",55,0.726467145251788
"nonlinear_extreme_zi",56,0.822032276716571
"nonlinear_extreme_zi",57,0.76986016926748
"nonlinear_extreme_zi",58,0.553268560926477
"nonlinear_extreme_zi",59,0.769838032673916
"nonlinear_extreme_zi",60,0.944742155769175
"nonlinear_extreme_zi",61,0.684846479782192
"nonlinear_extreme_zi",62,0.858116893427614
"nonlinear_extreme_zi",63,0.756656389164858
"nonlinear_extreme_zi",64,0.894444928559477
"nonlinear_extreme_zi",65,1.16914944692111
"nonlinear_extreme_zi",66,1.26284374281612
"nonlinear_extreme_zi",67,1.00338048168958
"nonlinear_extreme_zi",68,1.08750799003248
"nonlinear_extreme_zi",69,1.20918150559785
"nonlinear_extreme_zi",70,1.023535365653
"nonlinear_extreme_zi",71,1.06335338411679
"nonlinear_extreme_zi",72,1.14740124522783
"nonlinear_extreme_zi",73,1.20750815935783
"nonlinear_extreme_zi",74,1.17364769164173
"nonlinear_extreme_zi",75,1.04593744309646
"nonlinear_extreme_zi",76,1.07663661398115
"nonlinear_extreme_zi",77,0.946511060745995
"nonlinear_extreme_zi",78,0.910528073343198
"nonlinear_extreme_zi",79,1.17724638631949
"nonlinear_extreme_zi",80,0.927554318399347
"nonlinear_extreme_zi",81,1.0910656198391
"nonlinear_extreme_zi",82,0.936161748547043
"nonlinear_extreme_zi",83,1.07525145157454
"nonlinear_extreme_zi",84,0.918644865466485
"nonlinear_extreme_zi",85,0.936620930203644
"nonlinear_extreme_zi",86,1.1724289958418
"nonlinear_extreme_zi",87,1.12043466345371
"nonlinear_extreme_zi",88,1.20415236722616
"nonlinear_extreme_zi",89,1.00403336194617
"nonlinear_extreme_zi",90,1.264922508328
"nonlinear_extreme_zi",91,1.11106865767399
"nonlinear_extreme_zi",92,1.00548227357798
"nonlinear_extreme_zi",93,1.07232169372705
"nonlinear_extreme_zi",94,1.20272559528979
"nonlinear_extreme_zi",95,1.31756401935229
"nonlinear_extreme_zi",96,1.36719284059198
"nonlinear_extreme_zi",97,1.10830592607517
"nonlinear_extreme_zi",98,1.31871174213652
"nonlinear_extreme_zi",99,1.25449473120764
"nonlinear_extreme_zi",100,1.16590953370967
"nonlinear_extreme_zi",101,1.15492276281313
"nonlinear_extreme_zi",102,1.09715410090007
"nonlinear_extreme_zi",103,1.17054522365595
"nonlinear_extreme_zi",104,1.08946709043404
"nonlinear_extreme_zi",105,1.25470044294409
"nonlinear_extreme_zi",106,1.27522681779756
"nonlinear_extreme_zi",107,1.35320307717113
"nonlinear_extreme_zi",108,1.09095869810146
"nonlinear_extreme_zi",109,0.686069504214842
"nonlinear_extreme_zi",110,0.967368702333047
"nonlinear_extreme_zi",111,0.945188286152518
"nonlinear_extreme_zi",112,1.02855595364918
"nonlinear_extreme_zi",113,0.957076954038706
"nonlinear_extreme_zi",114,0.959292386287233
"nonlinear_extreme_zi",115,1.16806764090958
"nonlinear_extreme_zi",116,1.00643372404923
"nonlinear_extreme_zi",117,0.908350429133567
"nonlinear_extreme_zi",118,1.06410331356473
"nonlinear_extreme_zi",119,1.00563098412622
"nonlinear_extreme_zi",120,1.08976779855429
"nonlinear_extreme_zi",121,1.11891931570429
"nonlinear_extreme_zi",122,1.0157224918696
"nonlinear_extreme_zi",123,0.96003069093188
"nonlinear_extreme_zi",124,0.916434890911495
"nonlinear_extreme_zi",125,0.756633742488366
"nonlinear_extreme_zi",126,1.22062078601474
"nonlinear_extreme_zi",127,1.17008604020006
"nonlinear_extreme_zi",128,1.32411215997899
"nonlinear_extreme_zi",129,1.00023081379414
"nonlinear_extreme_zi",130,1.19073525437619
"nonlinear_extreme_zi",131,1.24420135232514
"nonlinear_extreme_zi",132,1.11194770407
"nonlinear_extreme_zi",133,0.929666725990372
"nonlinear_extreme_zi",134,1.15129431363456
"nonlinear_extreme_zi",135,1.02726765737872
"nonlinear_extreme_zi",136,0.927142485284803
"nonlinear_extreme_zi",137,0.951539996254174
"nonlinear_extreme_zi",138,0.917795261544049
"nonlinear_extreme_zi",139,0.874370961436565
"nonlinear_extreme_zi",140,0.888697082393026
"nonlinear_extreme_zi",141,0.745848454443486
"nonlinear_extreme_zi",142,0.844752630657558
"nonlinear_extreme_zi",143,0.77469998071729
"nonlinear_extreme_zi",144,0.890765564960134
"nonlinear_extreme_zi",145,1.0620510589781
"nonlinear_extreme_zi",146,1.24257455463882
"nonlinear_extreme_zi",147,1.1243737682043
"nonlinear_extreme_zi",148,1.17268814355283
"nonlinear_extreme_zi",149,0.820502225987272
"nonlinear_extreme_zi",150,1.0185323543901
"nonlinear_extreme_zi",151,0.860988244710812
"nonlinear_extreme_zi",152,0.753784763899122
"nonlinear_extreme_zi",153,1.02683156330869
"nonlinear_extreme_zi",154,0.840755332683319
"nonlinear_extreme_zi",155,0.767976665675027
"nonlinear_extreme_zi",156,0.549382375330819
"nonlinear_extreme_zi",157,0.8083812614327
"nonlinear_extreme_zi",158,0.890964644047111
"nonlinear_extreme_zi",159,1.04836283962939
"nonlinear_extreme_zi",160,0.913074139162556
"nonlinear_extreme_zi",161,0.897845895517926
"nonlinear_extreme_zi",162,0.765117458409428
"nonlinear_extreme_zi",163,0.729181494089201
"nonlinear_extreme_zi",164,0.701621716410121
"nonlinear_extreme_zi",165,0.867326231589191
"nonlinear_extreme_zi",166,0.800677266930154
"nonlinear_extreme_zi",167,1.09067936933127
"nonlinear_extreme_zi",168,1.06179118888247
"nonlinear_extreme_zi",169,1.13085320434331
"nonlinear_extreme_zi",170,1.22799426344511
"nonlinear_extreme_zi",171,1.11300452467932
"nonlinear_extreme_zi",172,1.08299514840583
"nonlinear_extreme_zi",173,0.981733509305551
"nonlinear_extreme_zi",174,0.904045595107525
"nonlinear_extreme_zi",175,0.949052738846171
"nonlinear_extreme_zi",176,0.831102177051649
"nonlinear_extreme_zi",177,1.04837821837958
"nonlinear_extreme_zi",178,0.924018616624472
"nonlinear_extreme_zi",179,1.01632720880152
"nonlinear_extreme_zi",180,0.919057660102587
"nonlinear_extreme_zi",181,0.620535061117869
"nonlinear_extreme_zi",182,0.834468472335542
"nonlinear_extreme_zi",183,0.788809411952122
"nonlinear_extreme_zi",184,1.12436099301448
"nonlinear_extreme_zi",185,1.07232997145784
"nonlinear_extreme_zi",186,1.17428594524886
"nonlinear_extreme_zi",187,1.24164406666728
"nonlinear_extreme_zi",188,1.44991355177994
"nonlinear_extreme_zi",189,1.2288565402932
"nonlinear_extreme_zi",190,1.43975759084371
"nonlinear_extreme_zi",191,1.23169105616965
"nonlinear_extreme_zi",192,1.14934750519993
"nonlinear_extreme_zi",193,1.20415591365525
"nonlinear_extreme_zi",194,1.17717935434088
"nonlinear_extreme_zi",195,1.2553846849893
"nonlinear_extreme_zi",196,1.11769271134782
"nonlinear_extreme_zi",197,1.07301809998468
"nonlinear_extreme_zi",198,1.17492243880511
"nonlinear_extreme_zi",199,1.26823147112738
"nonlinear_extreme_zi",200,1.40669306735874
"nonlinear_extreme_zi",201,1.23125287909532
"nonlinear_extreme_zi",202,1.2324500192948
"nonlinear_extreme_zi",203,1.08150774015247
"nonlinear_extreme_zi",204,1.06630898421215
"nonlinear_extreme_zi",205,1.12905135739813
"nonlinear_extreme_zi",206,1.12434736345381
"nonlinear_extreme_zi",207,1.1421889872356
"nonlinear_extreme_zi",208,1.0444239730174
"nonlinear_extreme_zi",209,0.894381820974876
"nonlinear_extreme_zi",210,0.972977756350765
"nonlinear_extreme_zi",211,1.01895064246342
"nonlinear_extreme_zi",212,0.799359113947121
"nonlinear_extreme_zi",213,1.00947161854003
"nonlinear_extreme_zi",214,1.30343031118716
"nonlinear_extreme_zi",215,1.07988603638759
"nonlinear_extreme_zi",216,1.16375654770224
"nonlinear_extreme_zi",217,1.17185150065377
"nonlinear_extreme_zi",218,1.05485739215562
"nonlinear_extreme_zi",219,1.38188589871841
"nonlinear_extreme_zi",220,1.10540425211816
"nonlinear_extreme_zi",221,1.50801151828809
"nonlinear_extreme_zi",222,1.31854533141926
"nonlinear_extreme_zi",223,1.50017644423164
"nonlinear_extreme_zi",224,1.33629606842806
"nonlinear_extreme_zi",225,1.23219664348438
"nonlinear_extreme_zi",226,1.58134239230895
"nonlinear_extreme_zi",227,1.52751242789255
"nonlinear_extreme_zi",228,1.30819010234472
"nonlinear_extreme_zi",229,1.4574453995163
"nonlinear_extreme_zi",230,1.34023047963499
"nonlinear_extreme_zi",231,1.07560304895647
"nonlinear_extreme_zi",232,1.12381404862358
"nonlinear_extreme_zi",233,0.96370113414031
"nonlinear_extreme_zi",234,0.898438229019307
"nonlinear_extreme_zi",235,1.08477052368585
"nonlinear_extreme_zi",236,1.04641817468324
"nonlinear_extreme_zi",237,0.926044039533744
"nonlinear_extreme_zi",238,0.947958557032822
"nonlinear_extreme_zi",239,1.0986070717878
"nonlinear_extreme_zi",240,1.22358804102765
"nonlinear_extreme_zi",241,1.02055621849338
"nonlinear_extreme_zi",242,1.09733777161714
"nonlinear_extreme_zi",243,1.14680595222142
"nonlinear_extreme_zi",244,1.28105190818349
"nonlinear_extreme_zi",245,1.45008664215725
"nonlinear_extreme_zi",246,1.48448408475242
"nonlinear_extreme_zi",247,1.27955681860406
"nonlinear_extreme_zi",248,1.18770352474469
"nonlinear_extreme_zi",249,1.23506548150752
"nonlinear_extreme_zi",250,1.43579827611372
"nonlinear_extreme_zi",251,1.36587727665102
"nonlinear_extreme_zi",252,1.62753069679502
"nonlinear_extreme_zi",253,1.34946968272283
"nonlinear_extreme_zi",254,1.15178558996271
"nonlinear_extreme_zi",255,1.33290931897454
"nonlinear_extreme_zi",256,1.41276676925175
"nonlinear_extreme_zi",257,1.20498393998168
"nonlinear_extreme_zi",258,0.926793842714933
"nonlinear_extreme_zi",259,1.24367025153058
"nonlinear_extreme_zi",260,1.25687816492636
"nonlinear_extreme_zi",261,0.982541179643052
"nonlinear_extreme_zi",262,1.08331112302531
"nonlinear_extreme_zi",263,1.25364043920595
"nonlinear_extreme_zi",264,1.19405106542916
"nonlinear_extreme_zi",265,1.12255194239193
"nonlinear_extreme_zi",266,1.10115182232135
"nonlinear_extreme_zi",267,1.19366468366976
"nonlinear_extreme_zi",268,0.840030831349082
"nonlinear_extreme_zi",269,1.07059144124108
"nonlinear_extreme_zi",270,1.30042767287804
"nonlinear_extreme_zi",271,1.39606912317072
"nonlinear_extreme_zi",272,1.39059263060166
"nonlinear_extreme_zi",273,1.37715491947071
"nonlinear_extreme_zi",274,1.37839869408451
"nonlinear_extreme_zi",275,1.40312944701928
"nonlinear_extreme_zi",276,1.11617170247031
"nonlinear_extreme_zi",277,1.33309200098973
"nonlinear_extreme_zi",278,1.18551280461284
"nonlinear_extreme_zi",279,1.30950777715577
"nonlinear_extreme_zi",280,1.45424776446837
"nonlinear_extreme_zi",281,1.44194038949263
"nonlinear_extreme_zi",282,1.2447487541537
"nonlinear_extreme_zi",283,1.11088364707149
"nonlinear_extreme_zi",284,1.1869710601923
"nonlinear_extreme_zi",285,1.01280733092694
"nonlinear_extreme_zi",286,1.18054941954643
"nonlinear_extreme_zi",287,1.14536675771216
"nonlinear_extreme_zi",288,1.07238313435788
"nonlinear_extreme_zi",289,0.878981222847019
"nonlinear_extreme_zi",290,1.16423306678294
"nonlinear_extreme_zi",291,1.07399072834172
"nonlinear_extreme_zi",292,1.13602668339056
"nonlinear_extreme_zi",293,1.41923397535331
"nonlinear_extreme_zi",294,1.1815012610261
"nonlinear_extreme_zi",295,1.22455441541727
"nonlinear_extreme_zi",296,1.07894117922716
"nonlinear_extreme_zi",297,0.962650421905772
"nonlinear_extreme_zi",298,0.975670981558007
"nonlinear_extreme_zi",299,1.00023152670239
"nonlinear_extreme_zi",300,1.23541854400953
"nonlinear_extreme_zi",301,0.914665367174659
"nonlinear_extreme_zi",302,0.953727079963461
"nonlinear_extreme_zi",303,1.15542397986603
"nonlinear_extreme_zi",304,1.13139634656771
"nonlinear_extreme_zi",305,1.10337478293891
"nonlinear_extreme_zi",306,1.31058975975981
"nonlinear_extreme_zi",307,1.2486796592831
"nonlinear_extreme_zi",308,1.22890308728925
"nonlinear_extreme_zi",309,1.41428159276718
"nonlinear_extreme_zi",310,1.15909859420978
"nonlinear_extreme_zi",311,1.12201523489071
"nonlinear_extreme_zi",312,0.968127177667622
"nonlinear_extreme_zi",313,1.22121499612158
"nonlinear_extreme_zi",314,1.13966616469324
"nonlinear_extreme_zi",315,1.19892389584724
"nonlinear_extreme_zi",316,1.03407616453118
"nonlinear_extreme_zi",317,1.19385119615069
"nonlinear_extreme_zi",318,1.4027787065561
"nonlinear_extreme_zi",319,1.42125069984235
"nonlinear_extreme_zi",320,1.45245212363307
"nonlinear_extreme_zi",321,1.2063181883185
"nonlinear_extreme_zi",322,1.25023845145855
"nonlinear_extreme_zi",323,1.0606711978796
"nonlinear_extreme_zi",324,1.15910894670844
"nonlinear_extreme_zi",325,1.15458979287683
"nonlinear_extreme_zi",326,0.998109170606225
"nonlinear_extreme_zi",327,1.10219964569579
"nonlinear_extreme_zi",328,1.35103200484573
"nonlinear_extreme_zi",329,1.25121394523466
"nonlinear_extreme_zi",330,1.25401379378592
"nonlinear_extreme_zi",331,1.34665980903188
"nonlinear_extreme_zi",332,1.26412589726754
"nonlinear_extreme_zi",333,1.27053613629274
"nonlinear_extreme_zi",334,1.26252432850841
"nonlinear_extreme_zi",335,1.24141316321187
"nonlinear_extreme_zi",336,1.07227196281826
"nonlinear_extreme_zi",337,1.29111923008742
"nonlinear_extreme_zi",338,1.42352023317545
"nonlinear_extreme_zi",339,1.42090380889736
"nonlinear_extreme_zi",340,1.39891827622841
"nonlinear_extreme_zi",341,1.40314131168554
"nonlinear_extreme_zi",342,1.23632998279198
"nonlinear_extreme_zi",343,1.25803185686232
"nonlinear_extreme_zi",344,1.33769070458901
"nonlinear_extreme_zi",345,1.21940931193618
"nonlinear_extreme_zi",346,1.14986823802187
"nonlinear_extreme_zi",347,0.735951856693391
"nonlinear_extreme_zi",348,0.74800202884169
"nonlinear_extreme_zi",349,0.946972937248449
"nonlinear_extreme_zi",350,0.885926358039025
"nonlinear_extreme_zi",351,0.973034421191245
"nonlinear_extreme_zi",352,0.903031782518211
"nonlinear_extreme_zi",353,0.873831845402106
"nonlinear_extreme_zi",354,0.898375332664444
"nonlinear_extreme_zi",355,0.875829041635596
"nonlinear_extreme_zi",356,0.892292353135058
"nonlinear_extreme_zi",357,0.811646825869411
"nonlinear_extreme_zi",358,0.803516511631465
"nonlinear_extreme_zi",359,0.773506516850395
"nonlinear_extreme_zi",360,0.801490646278693
"nonlinear_extreme_zi",361,0.760828239968777
"nonlinear_extreme_zi",362,0.733398449456533
"nonlinear_extreme_zi",363,0.799545814542944
"nonlinear_extreme_zi",364,0.697963838638214
"nonlinear_extreme_zi",365,0.670077757424053
"nonlinear_extreme_zi",366,0.599611831251956
"nonlinear_extreme_zi",367,0.677465033288557
"nonlinear_extreme_zi",368,0.670707294696561
"nonlinear_extreme_zi",369,1.00457969091033
"nonlinear_extreme_zi",370,1.0863570561083
"nonlinear_extreme_zi",371,0.927387738539093
"nonlinear_extreme_zi",372,0.67630054023159
"nonlinear_extreme_zi",373,0.896207540118481
"nonlinear_extreme_zi",374,1.05521720416449
"nonlinear_extreme_zi",375,1.0388913772889
"nonlinear_extreme_zi",376,1.05191755819557
"nonlinear_extreme_zi",377,1.02491487290978
"nonlinear_extreme_zi",378,1.04758338819251
"nonlinear_extreme_zi",379,0.97882489309603
"nonlinear_extreme_zi",380,0.822463312049312
"nonlinear_extreme_zi",381,0.98856789852184
"nonlinear_extreme_zi",382,0.933003100290932
"nonlinear_extreme_zi",383,0.798247412972763
"nonlinear_extreme_zi",384,0.821773167062192
"nonlinear_extreme_zi",385,0.920142796457326
"nonlinear_extreme_zi",386,1.13873775439236
"nonlinear_extreme_zi",387,0.841233169431014
"nonlinear_extreme_zi",388,1.17124959482413
"nonlinear_extreme_zi",389,1.13146424015774
"nonlinear_extreme_zi",390,0.906404342439535
"nonlinear_extreme_zi",391,1.06269002988549
"nonlinear_extreme_zi",392,1.08332270749952
"nonlinear_extreme_zi",393,1.07659925852689
"nonlinear_extreme_zi",394,0.96696652195317
"nonlinear_extreme_zi",395,0.959035274525587
"nonlinear_extreme_zi",396,0.728436272181339
"nonlinear_extreme_zi",397,0.998806902329573
"nonlinear_extreme_zi",398,1.03465724493411
"nonlinear_extreme_zi",399,0.945722100110239
"nonlinear_extreme_zi",400,1.21632735442521
"nonlinear_extreme_zi",401,1.12256123821124
"nonlinear_extreme_zi",402,0.975875979086801
"nonlinear_extreme_zi",403,0.988290935181424
"nonlinear_extreme_zi",404,1.05540519474415
"nonlinear_extreme_zi",405,1.31986933133345
"nonlinear_extreme_zi",406,1.02200215507064
"nonlinear_extreme_zi",407,1.02218528150005
"nonlinear_extreme_zi",408,1.09577585731811
"nonlinear_extreme_zi",409,1.1967836495343
"nonlinear_extreme_zi",410,1.33919295505259
"nonlinear_extreme_zi",411,1.30373247860369
"nonlinear_extreme_zi",412,1.06422440746613
"nonlinear_extreme_zi",413,1.24078527740069
"nonlinear_extreme_zi",414,1.2958529202076
"nonlinear_extreme_zi",415,1.0766722019589
"nonlinear_extreme_zi",416,1.02857779289491
"nonlinear_extreme_zi",417,1.09167783260682
"nonlinear_extreme_zi",418,1.15480304971555
"nonlinear_extreme_zi",419,1.17382208450138
"nonlinear_extreme_zi",420,1.08949789935278
"nonlinear_extreme_zi",421,0.918360356185074
"nonlinear_extreme_zi",422,0.882321622857029
"nonlinear_extreme_zi",423,0.647355822781804
"nonlinear_extreme_zi",424,0.701146810407974
"nonlinear_extreme_zi",425,0.943153271049756
"nonlinear_extreme_zi",426,0.689188788803053
"nonlinear_extreme_zi",427,0.928267707066385
"nonlinear_extreme_zi",428,0.799649159230485
"nonlinear_extreme_zi",429,0.902584622628019
"nonlinear_extreme_zi",430,0.90507696594934
"nonlinear_extreme_zi",431,1.10256268679221
"nonlinear_extreme_zi",432,1.0028521545349
"nonlinear_extreme_zi",433,0.822133396710755
"nonlinear_extreme_zi",434,0.903517734685963
"nonlinear_extreme_zi",435,1.09091567887686
"nonlinear_extreme_zi",436,0.845701488308193
"nonlinear_extreme_zi",437,0.769624773457794
"nonlinear_extreme_zi",438,0.594059660247355
"nonlinear_extreme_zi",439,0.801731976175743
"nonlinear_extreme_zi",440,0.730010850980571
"nonlinear_extreme_zi",441,0.783765073459531
"nonlinear_extreme_zi",442,0.655701484248183
"nonlinear_extreme_zi",443,0.725318070165699
"nonlinear_extreme_zi",444,0.691633977238669
"nonlinear_extreme_zi",445,0.844784795173964
"nonlinear_extreme_zi",446,0.68901230322327
"nonlinear_extreme_zi",447,0.742261485109309
"nonlinear_extreme_zi",448,0.828929028873472
"nonlinear_extreme_zi",449,0.856226765717535
"nonlinear_extreme_zi",450,1.00367763205859
"nonlinear_extreme_zi",451,1.34220760670541
"nonlinear_extreme_zi",452,1.12728390305201
"nonlinear_extreme_zi",453,1.37022356114113
"nonlinear_extreme_zi",454,1.1977381207543
"nonlinear_extreme_zi",455,1.02154793405566
"nonlinear_extreme_zi",456,1.00851836498664
"nonlinear_extreme_zi",457,1.02004767713651
"nonlinear_extreme_zi",458,1.16544459476816
"nonlinear_extreme_zi",459,0.994166916212657
"nonlinear_extreme_zi",460,1.13568942318989
"nonlinear_extreme_zi",461,1.01188733577444
"nonlinear_extreme_zi",462,1.04600357504329
"nonlinear_extreme_zi",463,0.989088977042716
"nonlinear_extreme_zi",464,1.02554148006496
"nonlinear_extreme_zi",465,1.08905326488553
"nonlinear_extreme_zi",466,1.22385159793524
"nonlinear_extreme_zi",467,0.97715197533078
"nonlinear_extreme_zi",468,1.51844342807779
"nonlinear_extreme_zi",469,1.08060290866716
"nonlinear_extreme_zi",470,0.990931175280522
"nonlinear_extreme_zi",471,0.925540945880741
"nonlinear_extreme_zi",472,1.21448099149633
"nonlinear_extreme_zi",473,1.20265036544143
"nonlinear_extreme_zi",474,1.18239474251235
"nonlinear_extreme_zi",475,1.25612313158433
"nonlinear_extreme_zi",476,1.25845036349854
"nonlinear_extreme_zi",477,1.37120832009139
"nonlinear_extreme_zi",478,1.11051930770354
"nonlinear_extreme_zi",479,1.32124039268594
"nonlinear_extreme_zi",480,1.05406037705997
"nonlinear_extreme_zi",481,1.26644381067646
"nonlinear_extreme_zi",482,1.55183033067093
"nonlinear_extreme_zi",483,1.51384156097179
"nonlinear_extreme_zi",484,1.2281053356919
"nonlinear_extreme_zi",485,1.11650256879015
"nonlinear_extreme_zi",486,1.17698398733433
"nonlinear_extreme_zi",487,1.14884099552183
"nonlinear_extreme_zi",488,1.21558991009921
"nonlinear_extreme_zi",489,1.39648945996306
"nonlinear_extreme_zi",490,1.23663744409486
"nonlinear_extreme_zi",491,1.31334013598399
"nonlinear_extreme_zi",492,1.14527173123674
"nonlinear_extreme_zi",493,1.15636853280263
"nonlinear_extreme_zi",494,1.08614591861076
"nonlinear_extreme_zi",495,1.16802361560094
"nonlinear_extreme_zi",496,1.05428637972298
"nonlinear_extreme_zi",497,1.15938145853271
"nonlinear_extreme_zi",498,1.20021147823064
"nonlinear_extreme_zi",499,1.38555941988907
"nonlinear_extreme_zi",500,1.14188751779014
