"Unit","Z","Y","True_CATE","Linear_CATE_Est","Log_CATE_Est"
1,1,36.4680049146254,-0.665896547413428,-2.76625810305576,4.68495032136249
2,0,0,2.04587156213918,1.84695513674986,3.27666300024173
3,1,0,2.92393016756034,2.0907612687075,1.76434666578615
4,0,5.23449841327167,2.30067031368883,1.61426422780868,2.13300438605375
5,1,11.2225233882824,4.33215183316172,3.02855425124567,1.73251146139924
6,0,0,1.74863972462782,1.64652691056704,4.32968521927066
7,1,11.7887098734267,6.36141947306304,3.73571490019126,1.33660140749986
8,1,0.619138764331609,0.662302386387295,1.34317350746392,1.90722966406877
9,1,2.2460115286098,4.23937355498745,3.72425234695107,1.64471578360113
10,0,2.01694807733447,2.60476865841754,1.90228311982057,3.79344587928798
11,1,5.9352673770972,3.59458449309808,2.97366133126686,1.88757747659729
12,0,5.27630784437067,4.85527635416831,3.50523022618086,1.9898693665156
13,1,9.28088070251282,0.876033193876883,1.65246780210755,3.16635512042829
14,0,2.51521648778829,2.97848764541778,3.18011321414274,2.27203518588561
15,0,2.50516362339765,3.27160300159808,3.05459135692859,1.25794649608533
16,0,1.16784843407831,1.43116612200735,1.61182417052069,2.3902970547369
17,0,2.46406948362573,1.9721014377474,2.53723232995733,2.19023377314818
18,0,0.384599372963948,0.0329582587869365,1.07371296109838,1.63595808924137
19,0,10.2148821697497,0.503810520931343,3.36306448175143,1.52495265412828
20,1,9.10287644358427,5.78970982639502,3.68260503307189,1.14035678735177
21,1,29.8778017517799,2.60991612782335,-1.21091866664578,2.39380797745527
22,1,3.22368487965938,0.847542841061514,1.45174411438793,3.70086162346565
23,1,0,3.42186850444614,-0.837271972024732,2.94191510620847
24,1,9.1613219852441,2.04631447438283,-2.63266789737992,3.39299178043367
25,0,7.36769256014916,3.17837551804139,2.89048574557846,2.48359512873989
26,1,0,2.58394363579629,3.1863171921898,2.82864208314865
27,0,2.65128351344508,1.64239716831286,2.79096650619161,2.60365972675195
28,0,13.5819074092187,1.01051305522584,3.14812668562339,1.81893194027738
29,0,0.702021046529882,2.13521886359162,2.10777186475419,3.18117672302681
30,0,1.23226653518133,1.27541675594183,1.58709995311618,1.48390502320261
31,0,2.83429028397561,2.34417173194083,1.74653167419959,3.05094062996139
32,0,1.40251939701213,2.9373812212627,2.09207734116153,4.85260238898652
33,0,5.56725505525975,2.56171786537956,1.03487589513015,7.00270375386907
34,0,0,3.81599193877911,3.73672091818496,1.70213850093517
35,0,0,3.30477699971623,3.11229847473301,3.31087404244843
36,0,0,0.816767566058735,2.7527740262059,2.3039422698492
37,0,0,1.91503788814683,-1.4062601821372,1.17789205255551
38,0,1.72079653313976,1.11285373651912,1.60810714347019,1.39972071863863
39,0,0,0.404582065866605,2.85329702951735,3.99425879179771
40,1,6.30073458753161,2.87049156296459,3.05928309715278,2.22829195071648
41,1,5.00364694884493,3.56991165765184,3.6126317363465,1.84244248877085
42,0,1.10209564388963,2.41935879644802,2.6474078529805,2.1365046834996
43,1,5.23951609583175,2.75404384454453,3.15166221343175,5.0776902379111
44,1,0,1.34361833137256,3.58662745054436,3.35784116545589
45,0,0,2.03473884468328,3.36057382060263,3.92913640415647
46,1,15.0207993167588,5.17528302794618,3.69842993548611,1.66157882542482
47,0,0,2.01742420259012,1.80873507798394,1.88906176831517
48,0,2.90996217712786,5.25025756727756,3.7620198602229,7.91253391429867
49,1,1.52556647937117,1.24067823936034,1.61183549085929,1.18333135433198
50,0,10.8959389870689,7.98173573643174,3.44459014284986,3.35870778353624
51,1,0,3.35126329690756,2.41937115794324,2.13918321341047
52,0,0,2.12573318316818,3.14548352070328,2.61788615525626
53,1,5.25721702833087,3.55256598219607,3.01492280629287,5.93764696154372
54,1,6.05578423589309,2.79330700378139,1.82537951735945,1.78550342033409
55,0,0,2.25012977197097,1.29234126685635,2.51206241410751
56,1,25.4141461373567,6.78883320469068,3.75410152840759,3.94973786533805
57,1,32.0630054885729,8.94483489007124,3.01092536961118,1.18446115243665
58,0,21.3030234396067,1.69056177929532,-3.07023066744427,2.21815836256746
59,0,0,0.0645892243697758,2.78364052771979,3.77255868762201
60,1,11.0209725782812,2.77162350016123,-1.54840924473789,1.78447520515425
61,0,7.24450623688917,2.89778707339407,3.13148264318433,3.0851596608653
62,1,3.76034292528083,3.44441620877276,2.62214250308039,3.61929994266475
63,0,3.00633920773414,2.83460774234511,1.29226658239699,5.47337504380905
64,0,0,3.86461198796165,2.75772255160947,4.21425619109653
65,1,5.95409746541147,2.77975277279321,3.64780101136001,9.3506260048094
66,0,2.30009540797599,2.28869035044975,1.51779114805934,1.16791318848383
67,0,9.12874048577346,2.64050285185377,2.04853468198205,2.12846359480105
68,1,3.06597058385343,2.51240719927454,3.13339870343152,3.8610207264926
69,1,13.8555287969275,4.47777790568481,3.26521140965075,2.07811247660583
70,1,10.2979128276374,3.22903840998255,3.24714820309896,3.02468317925183
71,0,8.692571825746,2.16559158621976,-0.45031117669837,1.89555747747088
72,0,3.35744638013995,3.19393431521769,2.69174076344433,3.37797232254296
73,1,7.9426203064354,3.15859551273994,2.86422166609506,1.6557260930282
74,0,0,1.63462266508908,2.7797440838469,0.66980153510636
75,1,19.6387344380185,3.70593340327679,3.14076438517288,4.18102834842851
76,0,8.80729747793088,5.26797022163645,3.79569262548686,2.26129098534767
77,0,3.66814796750416,3.49493543633389,2.97729207108705,5.78933676297054
78,1,4.03125689349335,2.66881677142949,3.68623122878897,2.60029985721344
79,1,5.86082294991298,1.12503715966182,2.89938257015965,1.63881095197238
80,1,5.61260203421152,1.52850293950973,3.15667937866836,0.763681854685104
81,1,15.0334982136043,4.25835077336106,3.19265540743282,2.43794824558603
82,0,3.97793724813518,2.30254913381425,1.94061183258389,1.53884278700434
83,1,10.2337059480687,3.84552961694284,3.68225840118744,1.95206110461681
84,0,0,1.23801263273588,1.54281369547452,1.70447134821573
85,0,0,1.72965751693229,1.5140179589562,2.13369549997466
86,1,0,3.64160382172225,3.64180440506049,3.41938927650852
87,0,0,5.08624920672694,3.76599309083957,2.31938033006962
88,0,1.30638922106133,1.24389035683895,0.869218922750797,2.21674058659997
89,0,0,3.94353550861368,3.63563382991411,1.88883719606043
90,1,13.5004890865737,2.40887210120028,1.53893809520051,3.1543209461327
91,0,0,2.05677444610553,1.91073313827353,3.89646405244488
92,1,2.06872808578092,1.41517932707483,1.75063374402727,1.60047960934067
93,0,0,2.958105481852,3.18440848960401,5.16948363109111
94,1,5.8276881850584,2.91619497902004,2.34062022673537,3.81750952110292
95,0,2.85896349557606,2.13531667709521,2.66363187137864,1.51393443586994
96,0,6.31309495578163,2.42478189740985,1.98507082378515,1.86733145630075
97,1,0,1.70697647736343,0.897286700586705,1.26253749135122
98,0,0,2.32892736653373,2.85471678649494,3.39434311134635
99,0,3.06230814549693,2.22842860183301,1.91485320740216,4.4873541712804
100,1,8.17344374821372,-2.68990609616833,-2.93486307910688,1.20432192461106
101,0,4.54258720959628,5.56461336972966,3.39007328371817,0.994059353375815
102,1,1.38331774913094,0.859580333824047,1.2753613833927,6.60817864936065
103,0,0,2.49937115004618,3.59176424090734,2.2417353916845
104,0,7.76634541487515,5.39177900845574,3.72233131849606,1.90874071237467
105,0,0,4.79820111798927,3.74853900552384,2.44675287418709
106,1,5.80318107583227,3.02517989841557,1.64407841355323,1.31660134848463
107,0,3.08131710214159,3.55565205770501,3.66744915301772,5.87047369755426
108,0,1.94081171404061,2.42358006223353,3.17562083916402,2.77218330624702
109,0,9.88986890547102,2.74352208697447,1.67793719060554,2.31408437989823
110,0,16.9023345670462,4.49166231368197,2.67186070126503,2.29144626261471
111,0,3.06757047674314,2.80552327710851,3.22976964717178,4.4041661058901
112,0,8.14469758339404,3.0939107433633,2.30447950236042,5.6017998799424
113,0,0,2.37697696151881,2.20416339503293,1.91254921780877
114,1,6.20777670760754,2.566519417631,2.18929161316236,3.20655448035629
115,0,0,1.66655213348475,2.5331445219764,2.75808802151317
116,0,3.21145300874423,2.09208715090134,2.97972109327142,2.49527194779632
117,1,0,1.70182252115277,0.991648131936493,2.76562965537432
118,0,3.33492274085403,3.46496947067684,3.131933082817,2.1020577673497
119,0,3.51322718561715,1.33063273277323,1.88210370142937,3.16952424116858
120,1,12.0048304368897,3.02823370220822,-1.37435671631403,1.1818055992871
121,0,0,0.475908299003236,1.50637847800176,1.51261833655886
122,0,0,0.430883567476467,-2.08630283342771,1.48164961867634
123,0,30.4395013202469,2.82676142729862,-1.81195992934175,2.58716001223555
124,0,0,1.18276316595064,1.86040517596911,7.11972546866797
125,1,7.13749193745051,4.01925222891661,3.66596078493495,2.75529872131311
126,0,1.60882499394914,1.10408891989388,1.50714727872758,1.92720217521425
127,0,0,1.22244177703686,1.41747576596411,2.62301736610612
128,0,0,0.434169242145249,2.72784373860941,3.31349039558911
129,0,0,0.837384268723372,1.49890519872017,3.78525747418768
130,0,0,2.85504489734445,3.02497619135071,1.34616185900963
131,0,2.70323268642837,2.15143474327158,1.67077391347438,3.84990968169966
132,0,1.94339477617858,1.78691487101094,1.82978671929535,2.64027214569705
133,0,3.58267282892343,2.39408495044967,1.2738800333114,5.45337102511586
134,1,8.86060551763441,1.47866800806386,-2.11912670571808,3.33336360993409
135,1,5.70160051398854,3.92982277746953,3.27880811401729,2.16570434227037
136,0,3.4011224969517,1.20671605689599,2.03093990976272,2.13032134266024
137,1,9.93418356822423,2.76646393911423,2.1407727682833,3.28554698925731
138,1,13.8857886455025,6.09850952850634,3.61989547538193,2.97057607958401
139,0,0,2.75336612621535,3.36636853569627,3.36237215661187
140,1,0,2.12877310564166,1.54136439259258,4.28809649761087
141,1,5.60991083520251,3.38777498806295,3.43552153702739,2.63168741057207
142,0,8.43009852252318,2.23102750453956,1.85510062860346,8.6690615300937
143,0,9.52460542437189,2.70692849694229,1.81093479504593,5.34132773473898
144,1,14.1767182511904,3.67359319257961,3.19696283147067,2.37874881260348
145,1,9.54080102536059,1.59627546455127,2.85631678122737,5.70265043835937
146,1,2.96173635125641,1.99050861562943,2.81678494568954,2.33083654678829
147,1,4.73418113243503,2.11398043737145,2.32519352799268,4.78261101128301
148,0,0,2.03747602259348,3.12683756303011,4.73266906674655
149,1,22.7682250592861,4.89204816522004,-1.33541130421888,1.21600294629463
150,0,0,1.21449058471782,2.07109741602232,1.68618716464543
151,0,3.72306504916821,4.16036124455609,3.18252664339298,3.41392389567711
152,0,0,1.04881093174323,1.4856372812576,0.99729261906175
153,1,19.2502440595313,8.30130007257441,3.47543354458932,3.14115862213989
154,1,7.03031159225742,3.89462957181327,3.52629621082784,1.47190328065616
155,1,22.1515756644914,-0.215368455699643,-2.93564244158195,2.08711526955668
156,1,0,0.546529261379688,1.16968810241025,1.32513859781904
157,1,19.9574716331081,2.12050655798233,-2.74595546653537,3.31701254690794
158,1,4.96927012706659,2.1503125910192,2.17183984703131,1.7158563250862
159,0,0,2.40902853507861,3.58566977963408,3.28415842223753
160,1,0,2.03678085248285,2.91439989887171,2.49990248009964
161,1,0,1.39167731529613,1.40075495919337,2.60752065252712
162,1,0,2.07005829606712,3.00404681351172,1.67937748739969
163,0,0,2.2001118249158,1.7846383520725,4.4204582417028
164,0,0,1.14424363369689,-3.12992851809822,1.6049082050508
165,0,0,5.46857112622192,3.86859312251384,5.31333715138752
166,1,5.47672551478951,4.49414286679069,3.47449927981001,4.18017802791692
167,0,0.697907673552903,1.17353364803882,2.18729942712898,3.05880518034379
168,0,0,4.9231163114964,3.7122251990867,2.33730944508788
169,0,0,2.09534855330521,2.10630123509621,3.36626319488095
170,1,2.69608054954835,2.10459970670755,1.56846717579772,2.9658615777967
171,0,0,4.32757977071104,3.63624903242011,1.65459228652331
172,0,3.12613282479113,2.78935978819918,1.91545064893296,2.02987549627471
173,0,0,1.25352468487005,2.94568377114536,3.79248961389442
174,1,7.47351952326016,2.40565037678725,1.91228580043881,2.14015196301386
175,0,4.53436713205594,2.19215104338826,0.886632926497012,0.990201304207391
176,0,4.17408386854245,3.82268796490479,3.48772208804533,1.8939805216517
177,0,0,0.313201480936063,1.02424883284292,0.504589532744446
178,1,16.4054022885473,1.82492377061257,-2.87991774147432,3.28401297960861
179,1,11.3275219063015,3.39971993742905,3.60084104556373,6.92386488633038
180,1,6.26019365193584,1.10630706585931,-2.09415128224418,3.19869062211635
181,1,0,2.50336923004536,1.83343742299687,7.92015095033214
182,0,0,2.39348290836294,2.91572935503749,0.978022218311996
183,1,5.39769458154457,3.28098600247195,3.01622359534803,1.25229993624521
184,0,0,1.46708132946985,1.58038442161317,4.15816864228136
185,0,0.825281275447385,2.22404224966918,3.02602916405566,0.963261164302765
186,0,0.533658119397641,1.77150008581178,3.29143774958031,2.04505694270107
187,0,0,2.30468071477495,1.74387498349845,4.69331564631492
188,0,2.7541009685035,2.41613674012504,2.1438850459044,3.18893294577226
189,1,0,2.26576619991418,3.04414609858384,3.21943771782785
190,1,0,0.527048377736366,3.30306023800641,4.00890671632782
191,0,8.03684459346197,2.59746424238733,1.9188147134205,4.48976903984001
192,1,14.4987488459509,4.42297958033864,3.61994720749262,5.45427441316616
193,1,4.0559542683417,1.74849059182953,1.23917734379724,3.15582347405396
194,0,0,4.5174890968996,3.52683894075064,3.1157872089798
195,0,10.6882588696066,2.31715094476096,3.42207580486871,1.54779868335036
196,1,7.39846965585558,2.57991074660608,-1.64481399595966,2.54822060710662
197,1,1.85062702443095,2.67050484517312,3.00213777266611,3.88421771045338
198,1,0,1.53530082741682,1.66022225034898,2.50412060789029
199,0,2.52594769807581,2.51303896560448,1.95007251328037,3.50711546453812
200,0,0,3.92448908006343,3.41193727527771,1.37958597564094
201,0,0,0.254184169684349,0.94342744380416,2.70788046103025
202,0,6.56159875113992,4.52232593760794,3.63734519738559,2.81995828277094
203,1,9.18997240593004,5.47633399693879,3.59273430994566,2.5924521885885
204,1,7.01430136248298,3.73858959637132,2.45948135714372,2.27461015251483
205,0,0,0.808131872528699,1.55439067240083,3.51808649075576
206,0,0,2.9441664876112,3.35475499427915,4.54399430597442
207,1,0,0.519378461069474,2.59241056264399,3.92387537276255
208,1,0,2.19704246609145,-2.03476956517194,0.640680975198
209,0,0,2.90012924722641,2.73570467975947,3.06878651323975
210,0,10.7121434880789,6.01019065909734,3.36862367827633,4.91486186012858
211,0,0,0.851365466872576,1.85727472930213,1.96868637634614
212,1,3.87086726154726,4.85749173851562,2.96452472971053,2.19318621375016
213,0,11.7438516956393,5.13060459275966,3.73065170086538,0.902289009003443
214,0,24.2697902021235,4.20098592668375,3.08792981143701,2.0999230358027
215,1,10.4299658936682,6.80655801293932,3.35166395916404,2.69395406220069
216,0,0,4.78176638028622,3.816029096449,2.22092276880879
217,1,43.4329498189429,1.11372391266185,-0.864414264926938,5.18260381937758
218,1,5.44043477177227,3.54181750275193,3.78282438068574,2.51580573275956
219,1,5.24854595198023,2.55843675962831,1.76829257216928,4.99598165349896
220,0,9.17269304737024,2.3222893750473,3.43967656967795,1.15480960172528
221,0,0,5.60048907986003,2.88334948225009,1.67011283891875
222,0,2.62172415499068,1.58117402311469,1.41271186470762,1.40547151759859
223,0,1.96029934248598,2.84883796327224,3.51941414470504,3.15263952133417
224,1,0,1.0914381940965,0.729356330508117,1.49694127074211
225,1,0,0.87123164850205,0.92236332762283,1.304137614567
226,1,0,1.53683907293576,2.70527907094619,3.54268200751708
227,0,1.83725674460684,1.73339714543133,1.57099298964116,1.57905227739235
228,1,0,1.64999071887124,1.52790151381066,3.05803778064431
229,0,0,3.55699569980542,3.6821786153563,1.46186016855621
230,1,11.6200658108079,4.25785271000439,3.09193421833735,8.78117378137885
231,1,6.58764459676973,3.2319582438442,3.43921882213569,4.52191149583971
232,1,2.97947160975817,4.0750807305268,2.96453006247785,2.49343457582871
233,0,5.67540830692907,1.2580734482307,1.28732837725916,1.49100324500555
234,1,10.3208499516303,1.75251194201582,-1.47766696728775,4.18782358874825
235,0,2.6570995469311,2.69121145913529,2.83598152230487,1.99821794357962
236,0,0,1.97524143052258,-1.41588675043467,3.80301655041824
237,0,12.6644160280616,4.96708965717481,3.29524301777138,1.99696195654034
238,1,0,3.375324173088,3.22777668672465,4.16738930452226
239,1,3.1120239976557,2.20131622982624,1.25082299553489,3.45341931487911
240,1,0,1.56883072149336,2.04214851100256,4.22240332725332
241,0,9.54930152986606,3.01440734042208,3.51868869781164,2.36711797740982
242,1,0,1.73139279148841,1.82061832657008,5.96092378406554
243,0,4.5417980491212,2.05247189466715,1.22878447607092,3.12288152728585
244,0,9.72177088566739,4.10698149277704,3.1876907716751,4.34958166660188
245,0,4.80578451155437,1.72126122412841,3.06566477146195,4.6746400952656
246,1,6.47000245220969,2.52280283883412,0.96768370943397,2.54159246197774
247,0,3.75996794847951,3.66582453075294,2.90074366297446,3.84475778530944
248,1,32.1591714970465,3.27091862358188,-0.687225495733957,4.11906651503673
249,1,3.65037010616355,2.51766807612623,1.6850590562238,1.01863871355321
250,0,1.81018445695425,2.10929591606308,3.13226465292072,2.07082336728719
251,0,0.816713327051204,0.976770599568842,1.82682270654469,1.32449211676184
252,0,0,2.12407706934102,2.0866217275031,3.78522956916741
253,1,0,1.33256717611908,-1.24544682326311,1.99497894929856
254,0,0,2.80213518278433,2.26619206626352,3.35091770054599
255,1,1.19537924729024,1.41309083379725,1.45404673449002,3.60495934996559
256,0,0,1.6059646928116,1.49754371143483,7.72935986679259
257,0,0,1.23292174938598,-0.624610626503595,2.43459899034695
258,1,2.61824305905393,1.5981178254966,1.60538511906386,5.1283809129942
259,0,2.56962657095671,1.43738261336195,1.99561624712836,2.21544225450511
260,0,36.2234085584268,9.67568681413866,3.40494512431752,2.50143239623131
261,1,14.4374950225259,0.684446110858335,-1.24306527415085,4.2517443591837
262,1,0,3.0255786925675,3.08605852628438,1.60546465962571
263,0,15.5162860264191,3.68195412913742,-0.490626537505118,2.67863360324689
264,0,2.57858290842759,0.785125682774979,1.58127001343405,1.03466872512361
265,0,0,0.800097872327613,1.49296909559365,2.29322920489398
266,1,7.2743145668192,5.61553954664069,3.50404315885513,4.54412403449407
267,1,1.69944935962307,2.80980837475149,1.88880244872666,2.11976546915617
268,0,0,2.32531219006309,1.67033684844539,3.2936299716533
269,0,2.31054929409336,0.483588819082852,1.58685546470098,3.29482095701035
270,0,6.86718095649389,5.40515257134607,3.67102049991468,5.33773044036553
271,0,5.34772100744387,4.8710695761222,3.5187953213819,5.24731175686949
272,1,0,5.19581857451155,3.30041186721731,2.88090862671046
273,1,5.43721671767595,2.83396902632544,3.10709821450924,2.58445128259739
274,0,2.20479362689244,2.21439041449644,2.3576905005771,2.70560042818558
275,1,0,1.21354952366777,2.32056597855834,3.1585049010422
276,0,2.74432731422066,2.1608535591075,1.35503372101003,2.68347147608932
277,0,2.21017957226009,3.95689121058495,3.18322068713186,3.12388883291128
278,0,8.43283622911751,1.4037215024704,-1.49133067268117,5.17166027025922
279,1,0,3.40578027470715,2.24502299516602,2.78526083627386
280,1,17.1138471884536,6.15700950954462,3.69689638952208,3.69869561695773
281,0,6.61618420046476,5.76332208365181,3.32765904892627,1.30423854829626
282,1,0,1.96825254940173,3.31680398040912,2.38529867334476
283,0,0,3.64236099044018,3.16585061063587,7.96182938574618
284,0,8.01433460960018,3.58964223416044,2.65972773760838,1.28031984343459
285,1,4.06218412148492,1.40344108272199,1.6397506906135,2.34638951839113
286,0,0,3.11921030123823,2.88660306525229,2.01000767774469
287,0,34.0793626483169,-2.56783406816364,-1.22502300768799,2.97540153300052
288,1,4.97153361614656,0.93038150753515,1.6946910754236,1.3490855313484
289,0,0,0.233025371595608,-0.4214607321369,1.92048255121572
290,1,0,2.70591233362356,2.44422422553198,1.71099299319515
291,0,24.2857722042601,2.12069674867871,-0.446656605499187,4.19590529332866
292,0,0,6.75769799106667,3.14927025786,1.47879451295257
293,1,0,1.62533523948928,2.79426620736845,2.39692397961567
294,0,2.0722258221609,2.05693547377819,1.5129804204531,2.46105071404357
295,0,5.51835902177384,2.34618184141278,2.01230676368776,2.10937659938638
296,0,7.66945032487753,1.56679023501231,1.42085398882588,2.41896159019484
297,0,0,2.97870680720481,2.52580728219085,2.22787803296392
298,0,7.99275871787459,2.73692725460605,0.424453256458714,2.9332340125494
299,0,2.86627068583441,4.04667798191235,3.25948970540973,4.6091841509596
300,0,0,1.33132899795002,3.18399246370071,2.3185580626543
301,0,1.75415059610481,1.36749750380299,1.68284630751002,1.13845082295986
302,1,0,1.92574871214027,0.902911336844547,4.25426627579824
303,0,13.4523525891015,3.11475641002702,1.74507654849276,3.25912928039563
304,1,14.0910393360344,5.59654284936867,3.67873012864768,2.84489377780331
305,0,0,3.65552121218588,3.43129066341714,3.30136829491483
306,0,0,3.1069575213736,3.1549529409875,2.59607657141949
307,0,18.6434724367912,7.0492532616959,3.61348696867683,2.32571904380639
308,0,0,3.17975141346994,2.17668071645782,2.35126137080332
309,0,10.58237177557,3.38564357617792,3.32351516521854,2.64858093678623
310,1,1.88690022228964,0.82043482607812,1.45557236620467,1.33355007003781
311,1,0,2.97050275361677,-1.42097969967924,2.71022135273985
312,0,0,3.72817855649053,3.65700140650917,4.75239036664529
313,0,18.0472116955952,4.04788325694026,3.52830177442779,1.60838056725683
314,0,0,0.79793606037401,1.57936625655225,2.49413428248799
315,1,3.72676614207469,2.78146184399828,2.06490238159492,1.32071331988272
316,1,1.82823773919859,0.918150437798791,1.3766761733246,2.70713735359782
317,1,4.87707795920713,1.21072578949728,2.30420177055575,3.69819573373621
318,1,27.4306843152549,2.98842591187227,2.28585314296395,1.81139803033797
319,0,0,2.16664387626589,1.52270498794253,1.73900783516391
320,0,6.62401171432844,3.86214087304232,3.2092674449336,2.43567284288894
321,0,5.82675730073708,2.07588298699184,1.9013602122306,2.11612556225933
322,0,13.4903975175459,4.62500308949728,-0.658249943788154,2.70091641138559
323,1,2.38032336346559,1.53998704886041,3.14957006949312,2.27061254598642
324,1,0,5.36381957156922,3.65235234376768,1.57547448465068
325,1,6.05787128906111,4.43658470605674,3.58523399452077,2.92067368085675
326,0,0,2.18971617687235,3.21732866571306,3.07185613943054
327,1,4.68916335288998,4.64183424231967,3.6287167301808,2.5419467585139
328,1,14.5596266496487,2.70528801460843,1.6076141408476,2.08074872415552
329,1,3.75231389553605,0.696669736913901,1.41054459943174,2.50902700896361
330,1,27.6663708912961,4.61529815872259,3.72075896447736,5.88777851816802
331,1,12.3346310900316,2.07072912948769,-1.79644339141925,1.94975843680466
332,0,0.895733818862376,1.09998034357281,1.98291395736224,2.10586495458416
333,0,0,0.80746049055085,2.13551929118865,1.84361120358275
334,0,14.9110860593214,4.10555147181411,3.20120190612547,4.00279209177567
335,1,5.11136346904161,3.69192025051806,3.51151265373547,3.3764251723187
336,0,0,1.26102099824231,1.53332794074751,2.00298855093158
337,0,0,0.734994416445824,2.78366434814233,2.78225027828065
338,0,1.60125275100994,0.672297301066227,1.04253679626598,1.44139689665517
339,0,0,5.61716542219255,3.34309875168333,2.47582263807347
340,0,0,1.15403358876943,0.915911760970529,2.2635199455081
341,0,11.7479321291188,6.4792332288642,3.50139413826723,8.52164943856581
342,1,10.2466912123953,3.37733726957462,2.22600312593838,1.88656585538847
343,0,0,2.25261773846557,3.56704984185512,3.33344707316672
344,0,0,1.03330144562771,1.44427105282983,3.26913966097592
345,1,19.5233509581916,3.51923302028808,3.32683634369477,2.68621259292992
346,1,3.87194673364984,4.00945556463363,3.47647698503542,1.79762502691186
347,1,0,2.96204640359174,3.51284066864595,1.89346664153903
348,1,3.4287781892772,0.605016311481251,1.83793375786315,2.26031729016493
349,0,0,1.89133532844285,1.84674815779662,4.7306943670405
350,0,2.54122245735462,2.03769326198936,1.26038349270988,4.21553189593996
351,1,0,3.45522026557061,3.13124992735931,3.65102773436405
352,0,0,2.35042776642837,3.08148119503443,4.08617724377412
353,1,0,3.54282334614665,1.90855029822572,2.58105040441149
354,0,0,1.53432035513232,2.92627392833276,0.801655791304076
355,0,0,2.00891104250208,1.72946155006471,1.92017692398277
356,0,4.12654424861688,3.31911593228859,2.01987064845613,2.24487930335277
357,0,5.42764324983489,5.59654572873728,3.54814647813692,4.44808414730083
358,0,10.5428715896658,3.74780276157063,3.12646814473396,3.67456450325279
359,1,3.49383325536494,3.58439215065035,3.82163308572104,1.06520674113843
360,0,23.8051357700887,3.53959818449752,3.30466460144403,2.08172789607764
361,0,0,0.868082023765755,1.58364855541594,2.55910617892307
362,0,0,1.44629905690447,-0.708773373580278,1.85821251370587
363,0,0,2.3822707656163,-0.681391303224798,1.70217198827216
364,0,0,3.97495613231448,3.69865393262379,5.7754514443948
365,1,2.91430451645394,2.2608457584063,2.24513954153342,3.36128643894533
366,0,0,2.83597930874513,3.3207621902167,4.67537185915184
367,1,6.56609646321447,4.18425124559774,2.85776417471497,2.67937008940917
368,0,3.07244821341598,1.66871723033338,3.0912379637043,4.13829063532077
369,1,0,1.85221827982021,1.88518814908895,3.46896972558502
370,1,4.55543080619463,5.28873567965771,2.95325304604147,3.22648162243266
371,1,2.26405295484912,2.4027514054669,1.42510985010441,3.70792655580467
372,0,0,2.91333946094916,2.29456536326455,2.4537423070109
373,0,0,2.82171494123464,3.21449037121943,1.72037927010522
374,0,17.7598696007888,0.793751749708895,2.98326363779173,1.89325204306294
375,1,5.67579804779031,2.4193138516141,1.84806657683019,6.00931110849877
376,0,4.07606232075062,2.06913793148742,2.99809226128897,1.65274153716274
377,1,0,1.78247303038307,1.29992015701644,2.35247249010072
378,0,0,2.98369968911011,3.25409929336844,3.06285022893518
379,0,3.18789942151058,2.25314596322757,1.5261182718504,3.66209648893866
380,1,2.98749926393301,2.1288581536436,1.93010525174522,5.05291672788471
381,1,18.1798293322409,2.75152714600521,2.16302463480153,1.94184477465976
382,0,0,0.889604873249038,1.68227283767628,1.01243401048857
383,1,16.0574492863063,3.65768137798563,3.16287162857181,1.65114912194846
384,0,4.2671284351983,2.88887971608109,2.16618652486929,3.38009905461928
385,0,4.89586858797998,2.17702439327698,1.84513626626831,5.34587651487514
386,0,1.41130420120312,1.42931807273417,1.57086097023511,3.17064670007508
387,1,0,0.617116225845844,0.992698156727516,0.725290756905631
388,0,5.50973811154645,4.45702429464715,3.1576804556601,1.78339099355218
389,1,7.4909009973529,5.52186501488666,2.64941870936874,3.6410523716671
390,0,1.1607455250323,3.40019094779862,3.69689565964285,5.45315991163783
391,1,0,3.36708007024709,2.88616577457466,1.63691990734747
392,0,9.74537775648497,3.12676701077112,3.1933039868158,3.22571419915497
393,1,11.8526834644401,4.43554200288593,3.480876040649,2.49701070420017
394,1,7.5320851253207,2.62233246164839,2.11622650100666,1.29511359394072
395,0,6.61521734811874,3.98498997689547,3.24063612862705,2.29012497376118
396,0,5.69839271995037,4.64665818801025,3.71409257398343,5.15855287022639
397,1,3.00956415797359,3.84748661320503,3.76523322597158,3.36537871044256
398,1,9.05795446431406,5.9034535572189,3.74344257151019,3.58715356025834
399,1,8.13710518155798,2.80536643402402,2.28755692153922,5.28006619872301
400,1,0,2.45711342930155,3.14804055964183,4.71953141429923
401,1,16.9049992223556,4.16866511845017,2.92568439902262,4.5363830007237
402,0,0.679257993081314,0.820037825627576,1.56412889901651,1.02812336740206
403,1,0,2.18495890527626,1.53899158779872,1.48354170466891
404,0,0,2.67723582023852,2.48095213037868,2.65462349755629
405,1,4.96444744926937,2.70951317713051,3.18437698784401,1.72660851296465
406,0,0,3.18217256172216,3.0497463313913,2.31489765492194
407,1,5.10105335847659,3.03892135874424,3.66004045753591,1.73664961087737
408,0,3.22729637523327,2.07085610794597,1.64636330190267,2.15339115439498
409,1,29.4892934606994,-6.10191479144252,-1.81126149366884,3.33458388967451
410,1,0,0.392361646318575,1.54406682536498,2.62922583444181
411,0,3.01056683606621,2.92920899531857,3.68953077933953,9.64879801111598
412,0,2.91165757777525,2.00744747893211,2.04645224129258,5.58533249492727
413,0,0,0.57513357651775,1.39909561107855,2.23736644645531
414,1,0,1.87682694994917,3.05613646881277,4.55161355559809
415,1,0,1.45589143480006,1.76634718975666,2.03782186669904
416,0,20.5578415342728,4.14894357219769,3.07659162323928,1.9304666763901
417,0,0,0.28724185908287,1.38594263626476,1.62197578022138
418,0,4.06379085972635,4.19516489521864,3.24306179155424,4.66556618403216
419,1,6.38367100372239,3.96524930822771,3.66679018607006,1.10638527317568
420,1,0,3.5130087544698,1.4615599003342,2.67291013803173
421,0,0,4.73852893419111,3.08534654352211,1.76810869022116
422,0,0,0.943414732251527,1.88180994436069,5.22156749705861
423,0,0,1.56891087207883,1.69622496798885,3.6815536137717
424,0,2.16773989252872,0.744069499545213,1.13234368716363,2.06772733406065
425,1,0,1.82768145700268,1.49705017758165,3.99572945185942
426,0,2.1995455910526,3.91122328044235,2.75796541471419,3.32763438239534
427,0,4.44788884357,2.51834694858897,3.15524987111075,5.58484444916891
428,0,0,2.24589721691293,1.78270780109236,4.29735714639135
429,0,0,2.05235140437597,2.87828340011159,1.92418562889438
430,0,0,0.983974474599795,1.47106048357592,3.16358492759933
431,0,4.40279200993176,4.01654966107963,2.81699904568045,1.70102509317851
432,1,2.53155168218846,1.54403637080531,2.00399133945575,2.36019250255686
433,0,0,2.79603997111798,3.07215708152457,4.80192555570269
434,0,11.3353911317495,2.12895136819686,2.95980466150896,1.25519034635633
435,0,0,2.43531155684078,1.784515414515,1.67955967283799
436,1,0,7.10027392526502,3.41202654252199,2.68362913708639
437,0,9.97932936852641,0.711380962089405,3.12492973066319,5.39322780551307
438,1,14.3030735219955,3.64598866357893,3.25055046852852,1.96825994848518
439,0,0,1.96502582279377,2.18103720661105,5.96968321068842
440,1,3.36776632852937,3.64515872564356,3.47788135153156,2.33689898875338
441,1,13.6616748758442,5.12419279580732,3.27967752979023,1.33346943431875
442,1,32.1613576997609,9.72798031159433,3.44227218898434,2.12982496941914
443,1,9.00565583329506,3.24489596055534,2.07179345101352,1.41864094186382
444,1,4.76721983779177,2.8368666290205,3.43789317702181,5.91124074641278
445,1,9.76442015694249,-1.30350973245295,-3.16182311602095,1.63570620950535
446,1,0,0.67854201443319,2.22936051465985,2.03261198262385
447,1,9.39097912132902,2.79485971841331,2.45111096583592,3.16837632816543
448,1,4.67640115623429,2.02362607077191,1.78881359958545,2.92434712862726
449,0,5.39460691818576,3.12910118761762,3.23968454101634,1.69057923337577
450,1,0,5.04758092538889,3.58729620116122,1.89015585080839
451,0,0,1.22054866877304,1.74552221738487,1.82875882266667
452,0,0,2.71970614584202,3.20767656969609,2.54930174438884
453,1,31.7620947590489,4.29546868284829,0.00979692906965388,7.15493350975044
454,0,0,2.63087558001892,3.26441084044215,4.79718107380874
455,0,8.47792082604485,2.51268719351707,2.11023305735945,3.78904199480014
456,1,0,1.30936131224755,1.62327287832164,1.76643537632644
457,1,3.91029151854455,2.06183943693489,1.81093128087776,2.81800661331332
458,0,4.45495679504369,3.90598686084039,3.02347102328822,3.26719220734666
459,1,5.14618580890201,5.65393937649905,3.42002504719444,4.62441407735866
460,0,0,1.97656975892982,2.02475627290772,2.46450517741255
461,1,4.56932706979172,4.20494359809749,3.68527079036354,5.1718667066698
462,1,1.62068230037718,1.94818870324731,1.65408763137203,1.78122330833188
463,1,0,2.79655534844657,2.08073293953486,3.18727360564812
464,1,1.67045676767465,1.22866362637773,2.58026980689338,1.58454250057002
465,0,3.26254298315383,1.97124373103396,1.97258599465385,1.47192306221819
466,0,0,2.0400020115696,2.88206647731817,1.27312528753662
467,1,24.5601583511628,5.18060598295655,0.16958918789678,3.86629112476259
468,1,7.4440858021775,5.22528279765675,3.68761245218087,3.42554792128335
469,0,0,1.51368804080277,3.27416366967137,2.36258430998757
470,1,0,1.12094232991047,1.55975486622483,0.972012432963016
471,0,0,2.50591867299517,1.95221885098767,3.21515270660253
472,0,0,0.828302049212038,1.48594272441251,1.86789722211842
473,1,13.5428628325887,4.11781878895758,3.58987208741683,1.30513316276105
474,0,0,0.0791365456480999,1.36041260796271,3.37253083621133
475,1,7.73411790380609,2.51811022035493,1.33376760046259,1.95087563059521
476,1,13.2392956714441,3.14826400453449,-0.0593067597302002,2.13519556328645
477,1,4.34262061645784,3.21309555586819,3.68205191299058,3.09664406834732
478,1,6.60958456600942,3.14498529200206,3.37455645668962,3.815079414828
479,1,12.5731169788191,6.3222681204932,3.71863472081632,5.27250288376392
480,1,0,1.22619134233261,-3.23421549419527,1.60018989410192
481,0,0,3.76593631643369,3.27888095818934,4.1277281485059
482,0,0,0.715307211864843,2.77981715707894,3.8228473866496
483,0,0,0.46371997176222,1.56446384559634,3.82650216071661
484,1,0,0.380061480185827,1.91911992685547,1.17788409807211
485,0,8.92284504316079,3.89468827331838,2.57617636090174,3.52937058834757
486,0,0,4.79860209536815,3.63978093865169,1.72485322233762
487,0,1.70303648707138,2.83234253801324,3.16089517038654,5.99415092946348
488,1,0,1.63980880900496,3.34564025266972,2.04764361416273
489,1,3.78605028935575,1.79900734695581,0.0267196591454522,0.704683695663207
490,0,1.93933998917919,2.16597969882102,2.06808166611726,1.59330664273727
491,1,14.3565820141446,3.31856019530894,3.17135173618849,3.91139197973384
492,0,4.42380565657376,3.17720995968278,3.12809513551535,2.80734348627445
493,0,6.70007706588019,4.2668148534209,3.31832122791886,3.1087015573849
494,1,8.70160597619823,3.77405449594175,2.89909771193089,0.94792958237207
495,0,26.8037546228382,3.79133487786716,3.03339671761779,2.2233747111538
496,0,14.5174894604907,3.96702361625443,1.40238694060064,3.75932672068742
497,0,5.86896937295368,2.18407140604942,1.55733916944195,3.89490352734573
498,0,0,1.63272709967413,2.96179687537754,1.71035559597544
499,1,2.22775251081737,1.2709288575082,1.58274654370098,5.59554684991684
500,0,0,1.60394096688886,1.97821433655435,4.91485683990026
501,1,7.11529333427942,3.59589357388226,3.12091177888316,2.74857280163548
502,0,1.45201057224598,2.13168259138081,1.29697500185553,4.68194095324322
503,0,2.71480293146731,2.28690305996646,3.0006351430713,2.77387015786984
504,0,7.88596577552234,3.45324512717391,3.02104682682518,4.14045525965387
505,1,12.3629592118945,1.56376021306155,3.10057571663574,2.839544854665
506,0,2.67580936500881,2.19824802464904,1.99806680793977,3.02761525427309
507,0,6.81033724434464,2.35265627860975,3.06600820348803,3.80854372412301
508,1,8.7741420733652,1.53090669690519,3.10640986836603,1.66088224929941
509,0,0,1.20771264316204,1.90198682944509,2.32782914645118
510,1,0,2.06401181122732,3.06574002106004,3.19329920484276
511,1,0,2.58472152847488,1.65352390063257,2.93049044841309
512,0,0,2.63882569162632,-0.626472385675057,6.97125615057216
513,1,0,2.4331446478524,3.3300079518454,3.92553530929826
514,1,25.068833910813,3.79372284581055,3.27369642203926,5.38007925544773
515,1,5.88167017188012,3.42143449228374,3.13143466923254,5.4955168876768
516,1,23.1515922807472,6.67059602176759,3.64437579940096,1.5350211493878
517,0,0,0.694270757363114,1.13114533039656,1.63082821152192
518,0,0,2.62159109934943,3.63452428574325,7.20095749836471
519,0,14.7510507748111,4.34217797491787,3.16686570366779,2.62881108946294
520,1,3.72352827120748,1.28835765543119,1.72191961320571,2.52589488664805
521,1,2.22357503678106,3.33521690602047,2.71921491765401,2.92565746315111
522,1,43.8026199903149,-0.207853378304021,-2.70913785978996,3.9679130804885
523,0,6.42050568306973,4.76265892053891,3.43691004924337,3.80992332814027
524,1,26.4477224656266,3.46592868115557,3.14575791623507,1.28559199428838
525,1,20.9263146153832,1.43588389395397,1.36409027252258,5.22340894888709
526,1,8.13114560797058,6.77158964207185,3.45053280780369,3.26564333835224
527,0,1.54520222412,0.418349785934295,1.08132886016299,0.867851972571353
528,0,0,3.40967207386472,3.60865849789009,2.41998471568436
529,1,1.41475022534196,1.16061292707593,1.87224779032897,1.70775869004849
530,0,0,1.11923309514938,3.39928472850855,1.16782197473265
531,1,0,1.94102955322511,2.58628085374088,1.15793254813458
532,0,3.20109610400819,2.89188230916182,3.72425690888915,2.78237398830496
533,1,0,2.46011379608864,3.07572854905214,3.85994962483521
534,1,6.37629491382346,0.778578179630253,-1.80996821211145,1.76295092161034
535,0,0,2.63780883725247,1.70125442768613,1.21761517270096
536,0,9.91498100114063,3.80310798100081,3.24824337809643,1.14336534654325
537,0,0,5.35687958055276,3.76213253805129,2.48135101054518
538,0,0,1.28845117988309,1.53649551457535,3.87702494055524
539,1,8.99500199686287,3.88698450434957,2.09333207187983,6.92777314341598
540,0,0,1.98694474818577,1.73089322054455,3.43409960940637
541,0,1.28125210555519,3.64131768126059,3.69052403724695,2.21656886809898
542,0,4.16925003754004,1.6318038101752,1.26461522565415,2.51656315377402
543,1,2.38887632951454,2.56031006570982,3.66951571017787,2.32060297987976
544,1,6.91355610418883,4.68677736903283,3.83555154612219,3.71617664886405
545,0,3.81260575596113,3.37069281526882,2.94018326639403,2.43622926472221
546,0,11.1441771934699,4.87802380530961,3.69216971426022,5.84082078554026
547,0,0,3.6220728993927,2.96827957608409,2.88510421893622
548,0,0,2.19480460679323,1.99031027788075,1.5206872693895
549,1,3.62874997134649,1.74396646710885,1.92392088898383,3.62793068781332
550,1,2.1219006568155,0.7315544496796,1.49242546003104,4.80309829901703
551,0,0,1.31960956990486,3.20909500183841,4.83758350019544
552,1,7.10466882287987,5.93120254495005,3.56791269695176,1.50739989129763
553,1,15.9420238182652,5.18313619550241,3.96640167769089,2.8808037423871
554,0,4.54793956172789,3.34242172132135,2.95288115653088,0.879455568224276
555,1,2.58309725178959,1.72986556595124,1.98241834261603,2.41374730205391
556,1,2.69159974696339,1.38532288588971,1.73465656604307,3.1699352443411
557,1,12.4645899405223,3.48231118059682,1.77715943913793,4.58537801544387
558,0,0,0.853636289949153,0.9324906599864,1.65370289794237
559,1,1.24716195011025,1.33778003621908,1.41075565231013,2.01608930970404
560,1,20.2057009217232,1.01882038666822,2.92891561866287,3.79568955547518
561,0,0,3.27345812680463,2.14850622743754,2.55951086683024
562,0,4.22411988503546,3.57554909568675,3.24584489337273,4.31405671754613
563,1,1.42596783039783,2.71406429519734,1.09043960444686,2.40757533464676
564,1,69.699171949369,7.06515573502116,-0.0154586197538662,5.33291753985974
565,0,0,3.76431915308953,3.15924763736246,4.92802808385632
566,0,0,0.596044691530636,1.58183342622542,0.880209621071837
567,1,6.6278114893049,3.3531932980028,3.30530831238781,4.29345141764844
568,0,0,3.2499266623793,0.0658827351810822,1.80405009411374
569,0,1.63770013131686,1.47958813120321,1.52230067549571,1.13236766294358
570,0,3.28057655817575,1.91191409307794,1.8066425101171,1.9986369128458
571,0,0,1.7777258416592,1.85814705302728,3.22851460192946
572,0,4.08022090186256,4.03898035964191,3.48645645577403,7.35182639834929
573,0,0,1.66348281826895,2.30577594107174,3.16456163509088
574,1,0,-1.00529042763028,-1.29563233561301,4.06457795909812
575,0,2.70422532235966,2.45009284573747,2.66488226253556,1.57202663233423
576,1,0,3.15548579834028,-1.52712103318659,1.95934420184574
577,0,5.31299106764795,3.89174061805546,2.70443403916332,1.83104445440133
578,0,9.59492912898663,3.30458776723263,3.14834188036368,3.47335278377712
579,0,3.16926734342286,4.460094520235,3.75560432672117,5.61622036769069
580,0,5.44661120278968,2.23710370054313,1.2810712646975,2.03871022751453
581,1,8.75534616241838,2.87685224306496,3.1622490047571,1.81769955590909
582,0,1.69904776365332,1.24124784269898,2.56816434575103,3.2938315937151
583,1,12.9469607201622,0.643101836555281,2.7347061126304,1.79733841461967
584,1,0,0.568999342620123,-2.92785181250748,2.05892207575525
585,1,10.4199628118434,3.55522349774997,3.7695557491655,4.39654096673132
586,0,2.3834984860125,0.667875256259082,1.14453948815728,0.82497446862896
587,1,5.8357091766752,3.80430715682339,3.57325731463024,6.81058292860569
588,0,0,0.764219837850226,1.22716034725936,1.13419197734491
589,1,0,5.46975278518439,3.42978716642819,3.19887058170295
590,0,8.06351774781667,4.59001391362761,3.68213823965791,2.1380814614142
591,0,5.67037913350296,3.45904659104594,3.16231966363234,2.89874192673427
592,0,0,1.37128927764394,1.52594126479578,1.87674401919603
593,1,4.07983112370149,3.12905535668129,2.81431955276719,6.05785240005
594,0,1.94887581970036,2.23269309850186,1.93608283289671,2.3487805215243
595,1,0,4.7136053035363,3.85194468992481,3.86722950158573
596,0,2.05078367887081,1.40634851272637,1.48118555778497,3.84766323966763
597,0,2.26284414698513,1.05579085148512,1.56619933822228,1.44430440868393
598,1,3.81085286380393,2.37763120172549,2.54080317189416,3.3081542887524
599,1,0,-2.20963314470233,-2.13202940305097,1.24458186082828
600,0,0,1.74175540183102,1.32378305661408,0.942347392674772
601,0,0,2.75416385508929,3.01764046921769,2.35788332390363
602,0,9.61403443667149,2.40074433846732,-2.49663460196532,4.17358512050459
603,0,6.49468514535044,3.35818309816225,2.04398704628384,8.3187731945053
604,0,4.57525123046449,2.68816442651202,2.10992456932559,1.61046500063194
605,0,3.53668732402764,2.21521609562698,2.99559572054885,4.20903465341387
606,1,20.1894171446325,1.86249262880538,-0.917067252097522,3.8011328178171
607,1,0,2.2252498826612,3.19361849210205,3.10701618666733
608,1,9.29829933949953,4.75427576684796,3.78712924185012,2.4587492069796
609,1,0,2.60851044980549,-0.347572549797235,2.26416935486761
610,1,0,-0.126706066210774,-3.20090862328435,1.29022694420437
611,0,0,1.18329382169485,3.42420830749508,2.3304657636667
612,0,21.4527101603516,6.55060705667144,3.73109793777015,1.65848552186745
613,1,9.43814873711735,3.47647070453784,2.91751614035114,2.25209818486729
614,1,0,2.8168476588794,2.71435156366542,1.2320389788353
615,0,9.51565395430116,6.50104541927946,3.70590010209026,2.7323024766502
616,1,5.2536023023684,3.93668940928447,3.10549127381369,3.23135724111157
617,0,45.9595064508463,7.17865860190439,3.3118574624526,1.71342700684791
618,0,7.69303211601785,2.52348424442544,2.83007685981386,2.94752611102584
619,1,1.689428317006,1.20749834519131,1.57297684989194,4.25388066412245
620,1,14.977403914421,5.58753498578045,3.10436122943654,1.653714706408
621,0,8.67534504308453,4.38107041426516,3.04732264095993,0.974417098730861
622,0,2.89319989187188,3.02168317171935,2.0433167225645,2.04372881758535
623,0,0.456910595886509,0.910488753928545,1.62090050402651,2.05118700176002
624,0,2.38139513706258,4.31935936964546,3.67012491667728,3.44830770854998
625,0,9.73428439018118,2.59300619469155,3.21597570752538,3.33142898686841
626,1,5.64780608632861,3.34817687145196,3.20363518026256,1.40199907493121
627,0,0,4.95644347186625,3.60360670245791,2.87885332793582
628,0,0,2.43109428350419,1.70485533672356,3.18322552024856
629,1,10.3456436271172,3.46125270348666,3.33812750351602,1.66602668133237
630,0,8.39773233514594,2.563748841025,2.32228872492355,3.57890886382222
631,0,0,3.82525248304447,3.16241422846287,2.54047860134961
632,0,4.50971063582138,4.01194300163309,3.15092484387046,1.79491292864053
633,1,4.84415838538518,2.88311340450719,2.91701662848924,6.08512291507746
634,0,4.96264935478205,2.03017690991225,1.54339730435525,2.41846780851926
635,0,14.9372706661573,4.12074135978798,3.14579403650152,3.4383054878581
636,0,0,-1.81700282438299,-1.05937457342414,4.27773036802031
637,0,0.598309659293076,0.805889662501008,1.45099572749723,5.65355079018345
638,0,0,2.31635686467404,2.06679769381181,2.23226765427365
639,0,0,1.68670796387507,3.04510532760738,6.17226671812588
640,1,5.4459822702422,1.53563785820764,-2.77701492222243,1.28231266249313
641,1,0,2.46574688705598,-0.88869849175853,0.933095317080678
642,0,0,1.41591826390215,1.696523399421,2.86266331905231
643,0,0,0.636110965848672,1.62261448837378,1.14370905929763
644,1,47.7914126940417,0.859179572080354,-1.12376075117478,1.775803959202
645,0,0,0.977385249729057,-0.86279436067783,1.7618760812186
646,0,4.78256913228541,2.02541525858063,3.11463526510006,3.3563485493797
647,0,0,-0.583952193915506,-3.07402075605196,3.38643909680177
648,1,9.01286118925397,2.92833378768883,2.03812864870046,2.40210818002356
649,0,2.33157494228946,1.80802086186867,1.59521158970076,2.55553844631227
650,1,3.47315118226008,2.48435120780085,1.47690029774444,5.46156050680151
651,0,2.1416429196871,2.81255722322893,1.90348439009698,4.24104032275456
652,1,8.41127602156465,3.00710534300314,3.33025443833788,4.08775999861844
653,1,17.0904530602308,2.33090608825254,3.48156049907095,3.67806805429591
654,0,0,1.65160555909554,1.57843210818793,0.620212010352861
655,0,4.26493527003035,5.72780797664081,3.51733608254738,4.20189859035084
656,0,0,0.716370050405463,3.26952587551185,2.572957187579
657,1,3.6318360683855,2.69459712871879,2.49983254879308,1.67425330976144
658,0,0,5.51152446158861,3.80781518986046,2.41862634768032
659,0,1.67679173229548,2.17975807416717,3.03156757007118,3.96267906281141
660,1,11.4071531959135,4.37034021969561,3.34433766218002,4.38798419293482
661,0,74.5401281865896,0.119088365511963,-2.53362386839574,2.12307886433165
662,1,54.3643557410113,2.63170914062379,0.0628072622092082,1.68676304855628
663,1,26.0411445633889,2.182861630452,-0.529373106597839,1.86696558979939
664,1,0,3.24188826225571,1.45094859608695,1.09950340815963
665,0,0,3.72693929946236,3.26348471735101,1.73640778629596
666,1,3.90135077583586,3.44925505135128,2.58671133095583,3.41677554339837
667,0,6.49177650366249,3.29754851207006,2.14353052072437,2.48709839689137
668,1,90.4145942527207,-19.1526148902349,-1.02931107773742,2.2903408337941
669,0,0,0.652607861573482,2.80205291782635,2.41065404924803
670,0,0,2.77991791483802,2.08788152136981,7.59720587735843
671,0,0,3.01286957148504,-1.63381310198006,1.26363784400711
672,0,0.296215969323203,1.05295853805739,1.09341213344101,3.87690381833928
673,0,4.1009299017192,4.45966021259363,3.35024316674459,5.26830996796834
674,0,2.8776486034342,1.1628746596844,1.74166460301232,3.75199356779879
675,1,5.13207886992147,2.80546098004548,1.37347698541838,3.43681897263006
676,0,0,2.28087439256263,3.10104263011617,1.62398289624199
677,0,0,0.957892133479855,1.75088406322438,6.85439631750574
678,0,10.9625292058571,1.75001610043205,-2.02855304257116,2.27317002907276
679,0,1.50499920255092,1.13632000355889,3.05201596352948,4.7021764569142
680,1,0,3.67284737541308,-0.30210751433699,1.27237043077117
681,0,8.92145294556886,3.16451910482193,2.64984727717745,5.21523402730011
682,0,0,1.33948751260598,1.79925463608211,1.3857857278323
683,1,0,1.78672212813696,1.81237390844867,5.50069157168262
684,1,17.0709763809014,5.98088069185147,3.51357280278083,6.93524782671481
685,1,6.37168655368641,3.50929548868724,2.15938394848759,5.41598237778237
686,1,0,2.06513637955235,1.78083727596991,1.56426455933429
687,0,3.67501056585219,2.43073488214741,3.11162728778894,2.59512950093493
688,0,4.48453663107156,3.12227986987354,2.4592437072994,2.36707850292394
689,1,0,7.16184430827844,0.91077351631682,1.98073504247833
690,0,14.1565068570117,2.81529934639081,1.99033923162051,1.27519242443852
691,0,0,1.40471402800583,1.6692740687135,3.13139103129753
692,1,0,2.23796308459536,3.01662567892713,2.33291055999466
693,0,0,5.89137931611798,3.66068188643465,4.69213945936397
694,0,0,1.37601464054024,0.669569204191261,2.64326680884243
695,0,10.1158755348547,2.48232039465469,2.47315345152352,2.8132965861757
696,0,0,1.92655878859782,2.87004248195802,1.87249329627047
697,0,2.71821654620054,1.22486274320968,2.62798255946702,1.29364228918621
698,0,0,-0.409734063698542,-1.2805435848368,3.60927816298032
699,1,0,1.61433639036506,-2.01254588515554,1.95188763314454
700,0,2.107649163707,4.88072947654561,3.66165905302968,2.70478030590797
701,1,15.3528847772647,2.49137705540723,-1.35188198336256,6.05562603936222
702,0,0,2.41160095388691,1.87269636862644,1.53071734015738
703,0,0,1.00671537162991,1.98413176872535,2.37476803382986
704,0,0,2.57876806280757,0.941555776102266,1.86543211904252
705,1,6.14347961591371,1.55249386795571,1.65455693562499,1.15600675657273
706,0,0,0.90913264397485,1.64963955524571,2.52462403344789
707,0,24.7855185388264,0.739270254635001,-1.76990050975317,2.31409307445731
708,0,0,2.43474045886291,2.75283797234936,1.92259854542916
709,0,4.01686188962452,2.9796424918839,2.96548888626278,1.13876872553529
710,1,5.90382485921287,3.45618142422756,3.4051378595411,8.27245147696566
711,0,3.25230833921988,3.10676284435386,3.6073444388796,4.24858022485618
712,0,0.998480978462768,2.08475310492501,1.53549716247684,8.36073198903075
713,0,13.6359972570624,6.95240336834786,3.48271787564336,3.2055424580288
714,0,2.07599264863169,1.52584819754048,1.15600674272311,1.67413112362778
715,0,9.76133684795199,3.96798337481978,3.1280237889897,1.1364425957147
716,1,19.8121546428567,6.04903440006085,3.46278339590846,3.42507134018622
717,0,6.58562751788369,4.44730972512042,3.09610061319133,2.31904605661427
718,0,0,2.42431119009816,2.36972546239318,3.69884150059634
719,1,0,1.00087479755877,1.23551703599228,2.83774570137041
720,0,3.08153074288265,1.21987402595896,1.54569447747373,2.35657483532996
721,0,1.5617623311176,1.73839970193943,1.86979366571724,2.82098482652696
722,0,6.34204623269228,3.34931694562639,2.22287959914595,4.33343836303784
723,0,9.11776295307736,5.8805660407709,3.52480140146437,4.44097341027678
724,0,7.51634429252265,2.69608420676646,1.93911892229033,6.43339917921089
725,1,3.76215723729765,1.56807187359521,1.91985087965486,1.99227006985926
726,0,2.88475453548553,4.13891396913463,2.97273908014039,2.72393605733569
727,0,0,3.4437952620455,3.38922619011998,8.15128599329026
728,0,0,2.27960032734745,3.05282023227236,1.22636011570078
729,1,25.8685157927698,-2.71283092263618,-1.18546002926397,1.8558030878711
730,0,3.76443284523871,2.73130486891175,3.32240081040938,1.87515725834211
731,0,0,2.4066722319032,3.4168159700029,3.1478732631448
732,0,2.74653364812856,2.86584734079299,2.45495835438275,4.19174165831297
733,1,9.72549406229248,2.48767628553761,3.12994926204992,5.61244539048494
734,1,0,0.959704218315716,2.80817644795178,4.54582295584537
735,0,2.58844089556255,1.56456777121238,1.95537215797995,2.77276169621151
736,1,3.87600228896899,2.08556820109136,1.73106580619928,3.46447758556826
737,0,2.17436199634416,2.77499078733083,3.27293501753872,3.68653182244173
738,1,17.0249097147672,2.5222955265445,3.17118420283562,5.8336982914489
739,0,0,4.28535837728191,2.81682819090098,3.0525267444039
740,1,0,4.63208771381727,3.43090925178246,4.01795022080132
741,0,0,1.09922871271095,1.89145817847375,6.34834969311442
742,1,18.6918160558416,8.23764205444312,3.71683564410909,6.28928965154019
743,0,0,1.11941421207185,2.02290600020505,1.14501337747317
744,0,0,1.02979268793355,3.35009329934062,4.62476362331162
745,0,0,0.146033360837618,1.27035684148201,3.03231075511303
746,1,6.61825322312494,3.12598346751556,3.35924850257218,2.32391449691494
747,0,1.46230058249183,1.45871702692211,1.68776411668753,2.13094286749672
748,0,0,1.84895716996205,1.90440645269723,2.34343143465737
749,0,1.76132369828001,2.17729885807774,1.87201311837485,0.927603951675701
750,0,1.49225210548267,2.17048858431929,2.9866629755957,4.9500269953797
751,0,0,0.878737958669257,3.2666978737827,3.16686972001127
752,0,0,0.315914980029086,2.56735523436519,6.6139507814441
753,0,0,1.95148085522518,1.75099072773043,3.92112838515347
754,1,15.550813227016,3.01279537075649,0.888695382133981,1.44967802029967
755,0,1.13744868322035,0.703891521536501,3.33771243583434,1.38907389988698
756,1,6.45222512272125,5.39409413086383,3.6738973399542,2.06334779155241
757,1,3.40088400139815,1.1983964535127,1.13974105301758,3.26566014675598
758,1,2.85301276617262,2.29139921726444,2.05584916008016,1.89979562090943
759,0,0,4.95498917207144,2.96353411088142,3.85251585154999
760,0,0,5.63276612961365,2.98954564251282,5.44692062438269
761,0,34.854859566905,3.51945764385165,-0.795401460959378,6.9990358105106
762,1,10.7272737814873,2.07570555952856,2.66612017672354,1.68280312212598
763,0,15.6478172121074,4.19567336448794,3.5056152445711,2.41312811753767
764,1,0,3.86546210156595,2.64191511825617,3.47042551374867
765,1,30.5985713981463,0.0974206191955105,-1.37161945086479,2.5261795964182
766,0,0,3.06427432004826,3.1518177242987,3.42353718546625
767,0,0,5.24938800367654,3.64527204170135,4.0514301924652
768,0,0,2.40493410691902,3.17685930650506,5.89586167551531
769,0,3.99730043163713,1.25258844712094,1.73254931716555,3.46257866630586
770,0,6.54858042768034,5.61682173753599,3.73466020281574,2.16846789906485
771,1,6.66408571579183,2.47185296792398,1.86834358002429,4.20200743327778
772,1,0,1.1588746005442,2.07965837265843,2.6256517600239
773,1,0,0.579056567044433,1.50934541498729,2.07293172820635
774,0,4.87815630661837,1.93782118470026,3.09891930679836,2.49518105844158
775,0,4.87694974335525,4.38516883272889,2.8205184706671,8.10370775882181
776,1,0,1.20207057356926,-3.89356278644268,1.17799589465878
777,0,9.62511154120874,7.4439551695058,3.74581722410532,3.83033059554921
778,0,0,1.85630144912184,1.66086282804475,0.813163740052431
779,0,5.57792618912426,1.32435813534053,1.79325162309702,1.59238582406031
780,0,0,2.12698897512309,2.29143598231302,0.789805113548911
781,0,12.0847628387909,3.83907797910227,3.20983901359643,1.90149477039084
782,1,6.52213090574662,2.86955978229527,-1.68386623416079,0.678060188257549
783,1,0,0.125965339977085,-1.99415346349699,0.729417358925788
784,0,0,1.44944512998123,0.942994410145242,1.99315218275308
785,1,5.26951477335913,3.97536126492545,3.80805754884849,1.65077866018842
786,0,0,1.73537151332314,3.10489739428288,3.27495933290194
787,0,5.99987816438623,3.95475642597812,3.4575368141056,1.99425160481718
788,1,3.62508165540414,3.62903364256697,3.22879274844338,5.7828685332869
789,0,0,2.17133358104363,3.12889070737341,4.64731170551564
790,0,7.1999844941042,4.11116181689889,3.19889940957618,2.91948356884274
791,0,34.9485161561762,4.45972637379544,-0.442287073031118,3.75473236370569
792,0,3.23083360438841,1.99111217551738,1.77470787640394,1.28397319271095
793,1,1.01940373629396,1.89765748576116,1.60316133090575,2.39501471412109
794,1,8.64992343644455,3.19235804407661,3.76285248326468,5.24413237738221
795,0,7.28683220537847,3.63047954339534,2.38894328578662,1.73028538094684
796,0,1.64146795699819,0.827087385131015,1.38495657050452,1.737040033679
797,1,0,0.31627629784621,1.14868764718602,1.23175660752847
798,0,0,1.66668433325978,2.94453867791972,3.9681141763927
799,1,15.7703083953331,4.95131071968466,3.5293665083945,2.40248063403063
800,0,4.36861157884874,1.67633843749563,3.09060031000007,5.31662537767021
801,0,0,2.62065559053762,3.12896418724006,3.63418332137673
802,0,2.27156721528186,2.70273175917813,2.24858582815486,4.71451560330731
803,0,3.20688531554419,2.21246789345488,2.00517663766469,1.34811247253896
804,1,0,1.23221666628832,1.74742202402763,1.86496872233691
805,1,4.6634538974432,1.48262105709129,3.22854040009329,3.33285414679989
806,0,0,1.44373141779015,1.56318485826872,2.812949974371
807,1,0,2.96475659454455,2.53929230196873,3.11183637112896
808,0,0,3.17912848514377,1.58608523708145,7.34349824964302
809,1,9.77728048426952,1.0774402827991,-1.61227775718192,6.77607731777291
810,1,5.32254959834053,5.56119424996158,3.86109447814156,2.42999454952849
811,0,0,0.86734275700894,2.70118882966025,7.04723176603153
812,1,13.0627124308675,4.34384136959866,2.7288324640251,2.74656488922156
813,1,0,2.7653177730433,1.06317983893638,1.80875733667813
814,1,43.6434611776051,2.73715337998582,-1.28463784815408,4.83100929488943
815,0,0,0.377865359994939,2.71641090881429,3.35558688137268
816,1,0,1.33691430247725,-1.91419305029659,1.26108281896772
817,0,16.7661755644008,5.18095666121974,3.73251144708591,1.83424481560544
818,1,2.53849037027057,3.63878762131838,3.65277724236402,2.22561304062465
819,0,0,0.634961254769292,1.52662311842631,1.31102647251168
820,1,44.8284472022074,-2.66126907667989,-1.49747473923135,2.59880694529667
821,0,2.70415632188118,0.0330596419525047,1.43840725546039,1.61976222986677
822,0,0,2.56347236367809,3.42968451534123,2.69002019156536
823,0,0,1.84597945841226,2.19008693731873,4.54556125935483
824,0,0,1.78858034621784,3.24814511419199,3.17261939488933
825,0,1.66155144935357,2.0165912568482,1.46328556141667,1.90100511577705
826,0,2.55029085257981,3.11229812614854,2.34103995805028,3.12324166592049
827,1,3.46645939238248,1.52344663416161,1.9441627863082,2.69648475670042
828,0,0,0.539033708654415,2.18746434633481,3.00997132253655
829,0,9.27465467986947,4.08887270765514,3.36791460691282,2.26473478415018
830,0,0,4.71918324879285,3.72738497546636,2.75751483160543
831,1,11.168359422256,3.22854993636768,3.28930229880354,4.73876762998821
832,1,4.92653099108973,3.59907080094085,2.95199813709727,1.7306900970559
833,0,0,3.29200664072357,2.99052807971934,3.56986468225083
834,1,14.6305810073173,7.97238097594088,3.45624211115113,3.36887209466387
835,0,0,1.25067868873739,2.71472250975091,2.31380428739833
836,1,2.76966901385687,0.876345891854494,2.79495810683489,2.68340435649872
837,0,6.20943864481017,6.39652389405703,3.70760641231472,1.6259118820359
838,0,2.19994672518952,3.60982230745171,3.22099307926676,3.35454775759706
839,1,4.45614722907539,3.03396514194622,2.80965955468985,11.7502129058172
840,0,0,1.12557736758369,1.65286265826852,2.52729066495273
841,1,11.6331639887092,2.96305296745829,-1.42237836067871,3.16813360938222
842,0,9.44306118482892,3.60264568403066,2.58441174666537,2.70784942058451
843,0,0,0.99699674110766,1.78144905310827,5.06313925588809
844,1,11.1011012435277,2.07045174525224,1.78158388347016,2.49255214382245
845,0,2.13880377456787,1.62805366384712,0.966154292645535,2.17613144060183
846,0,0,0.979407958214672,1.66284434890283,2.49086117370537
847,1,9.73803647287828,3.20292834143524,-0.351823636333345,2.90279788624092
848,0,4.72999860995154,1.93546970770899,3.10212294985955,3.90521273275106
849,1,2.8834099780134,2.10685231616585,1.72385414573596,3.77477314976938
850,1,3.06913491641596,1.60402970974995,1.24412999355145,1.18222540043586
851,1,0,0.643960702203401,1.2380100199664,2.48935639329781
852,0,0,2.44120560697883,1.76243581814861,2.83798074960938
853,1,6.2563924044206,3.86373190391589,3.28452082674539,3.20947670472927
854,0,4.95660594066962,0.660234214567477,1.35960511628548,1.84019044098071
855,1,31.4380806242574,2.81326242695751,-1.38438034889075,3.20514980885911
856,1,21.7086662091636,5.68601987052139,-0.0754335782349576,1.88486855293507
857,0,0.288822769530389,1.09257446833215,0.938795018409187,2.30141351133629
858,0,0,2.21175145231727,-1.74608740317275,2.85328129554631
859,0,4.09630024445842,2.43509772793587,1.4934497371758,7.17712123990715
860,1,13.4053647857321,3.57602034711467,3.21528695673029,1.50322591069649
861,1,21.4783938496352,2.65612770061813,-2.17794906421344,3.25352195781671
862,0,6.54244271569975,4.25005673139331,3.21140779695623,1.80904630430726
863,1,0,3.09058087708139,-1.47483186460671,3.18467727032939
864,1,3.56864752883594,3.65813542262388,2.763706215155,2.93180362929727
865,0,1.88616440255827,3.19271968134929,3.20962082050587,3.40537449367622
866,1,2.52109627666659,0.621668497945246,1.45769734614312,2.29174053414708
867,1,58.654729945611,5.05953902789057,2.79213989974685,3.21805770277373
868,1,11.7888428206111,5.2381477667707,3.70049936760944,3.5171626572231
869,0,8.96246047856786,2.78643323509827,3.00024067755621,4.28060859263999
870,0,2.48748054438324,3.29620744816625,2.83295656463316,3.27131658819293
871,1,3.11065507882677,1.68521082977455,1.66777775615524,2.69555234497552
872,0,0,1.93812972691064,0.900436314041522,1.57215719768736
873,0,0,1.1194250166719,1.51350895705651,3.23258001148858
874,1,2.91853067253868,2.76542913569441,2.58057673964924,3.11972678034171
875,1,5.78018997364134,1.75357071993999,1.76586963346719,2.81307878162842
876,0,12.0374860118099,1.65702349647763,1.62176508620329,2.40238599493998
877,0,5.21004444791098,2.18506737941731,2.92955401590944,3.13721450133255
878,0,2.42848503637889,4.55396693245138,3.14655031954923,4.61511559189778
879,1,0,7.33989330703781,3.3986174904499,2.87612908897177
880,0,15.8186681128512,2.29024986964647,2.34924961892427,2.88669589237162
881,0,18.1379279612947,1.74596682397313,2.46093861083016,2.99835114044553
882,1,5.76327033967616,3.27953792224352,2.59780724361918,3.56432975678187
883,1,12.395681142173,3.41768377035614,2.07318193247148,2.88664039269217
884,0,0,1.98140604663326,2.1084583456656,3.94720803079491
885,0,0,1.8766563905283,3.45386728609868,8.11057922255765
886,0,92.4158947266833,1.91008489312208,-1.39027047797515,3.3156513092827
887,1,0,2.54962251028013,3.29727810288348,3.20581571699934
888,1,4.89714270536129,3.29945722020839,2.7196497752358,4.13603328335475
889,1,0,4.36111020852337,3.06099507151366,6.40888721480277
890,1,5.30637964179447,3.04605135059613,2.1006051378462,7.25399910082333
891,1,3.29303007209888,1.51680236400361,1.59402496317417,4.05936668789
892,0,0,4.4321285941001,3.24546603982752,3.37579725967718
893,1,13.9485391873677,2.94877488859823,-1.51474143940294,4.4260368675599
894,0,11.119976175242,6.42785732544467,3.5400997985243,5.07047444889235
895,1,13.9429599378489,1.81447580869805,2.97688267800839,2.91658837347539
896,1,1.46650641714694,1.30625483285341,1.54992567997479,2.67425089899138
897,1,4.17381372617808,3.73714567536787,3.20645783264995,3.68424028166274
898,0,0,1.51318757280999,1.59514272563627,2.50296342158156
899,1,1.98644390133341,1.66023906876104,1.85515625764005,3.03346898805357
900,1,21.6951182374748,2.27321362809622,0.968231578990201,4.09990291355316
901,0,0,3.10872724742579,2.15145747881729,11.0714369000203
902,1,0,1.63037182646013,-2.17209146099701,2.20713044051006
903,0,0,5.40228245880932,3.70192623426288,3.51744367160702
904,0,0,3.03066815527042,-0.32483830087471,3.06167808648129
905,1,2.03883387521888,1.84084791664577,1.92408627776252,4.7863974577714
906,0,0,0.00060137956461459,1.10996012501435,1.95039138882444
907,0,0,1.78340829602468,1.67918549615561,2.55983547513715
908,0,0,3.00539285873557,3.01544673325773,2.9668220146382
909,0,4.07179661145949,4.27916904765373,3.69134827097736,3.60905865578127
910,0,2.20725508606415,0.941308603950168,1.99459738737017,3.32289413670957
911,1,19.2987309638839,5.28758728884995,3.87494089512329,1.88470570907125
912,1,0,1.36133654504455,2.21601018980553,3.02270379725876
913,0,8.77866093488735,3.83816593588419,3.13335349729206,3.45126151316351
914,1,7.40508600687279,5.6542979425934,3.57259330104531,3.66507660553385
915,1,2.49621156769608,2.11833723489155,1.71635055899528,2.83535789433399
916,0,3.50000636201502,1.78220530749653,3.05338783475373,3.17965587557111
917,0,2.93751836785766,3.57187335135797,3.15484769238557,3.49404018627893
918,0,0.589186615720466,1.87680607269164,2.12296924342101,1.80931013692017
919,1,9.86292458951121,3.43284973525076,3.04691925599763,2.71368083043103
920,0,22.9230867242101,2.57997696369946,-0.432082951500101,3.01710582859627
921,0,5.01845675452561,6.24750117994734,3.21072685444388,8.24424797887165
922,0,0,3.305385285681,3.6889423758216,4.01109244296239
923,0,0,0.611673158031611,1.32572941000979,2.15571661740302
924,0,0.884004105145819,3.05868716254327,3.80633217626977,3.84106539289974
925,1,0,5.28003527378857,3.52873733281289,3.58666536354517
926,0,2.67346896302565,2.84003220070378,2.09563313590001,3.15607624895391
927,0,0,3.34374710507621,3.65986713765483,3.3334831693407
928,0,3.48009997332322,1.97030601356091,1.74697205467315,2.7699117634651
929,0,0,0.886964460273114,1.64266626439658,2.30934863356526
930,0,0,3.96853222578399,2.82895727906837,2.94675961099856
931,1,0.766971673494685,1.24709723071419,1.23576014864812,4.22478144421313
932,0,5.96900971578128,2.97978610672771,2.90054691081974,3.06880916397986
933,1,5.96404537772899,1.49744105549383,1.69216629248481,2.8959810511636
934,0,4.23748795238617,1.87002798064651,1.86712955485381,1.68916882298256
935,1,0,1.17654955384828,1.25002627181444,3.2839211252822
936,0,0,1.72105173611222,3.38748306717789,2.7686896096819
937,1,1.96957528520939,1.30296562062111,1.72287685579945,2.62714821276967
938,0,3.18859399857732,5.48997909750231,3.92084942701627,3.64978765107576
939,0,5.66135489208377,2.06992643456335,1.69650148731582,3.7687063799161
940,0,0,0.562777202502279,2.1329622645907,1.73955139487742
941,1,0,0.589830175647823,1.3462051469565,2.19869412808062
942,1,0,2.68854259926846,3.63182916302251,4.58698658521649
943,0,1.57590870948068,2.05276660926652,1.49957701113736,2.83475902559115
944,0,2.08206801912445,3.56771208830969,3.6244900641338,3.61624975951698
945,0,0,1.98064724414717,3.50088331206058,3.0866555819796
946,0,1.23196721089151,2.04934139797301,2.08092254685281,3.22297811846252
947,0,0,0.264814932430171,1.29846224344727,5.38270476028075
948,0,0.552303289474031,3.73101542254063,3.82105904769058,3.79178816975818
949,0,0,1.61613234837558,-2.00405049140355,2.56500810835947
950,0,1.56964061517206,1.35877749902755,1.50975697022634,2.6052773575459
951,1,9.52513072260061,2.74118020917465,1.06146453185959,4.29265130825087
952,1,5.57124538529549,2.32445611444336,1.82036324320844,10.2336688571857
953,0,10.2135852663164,3.57401822901049,3.14676041749879,2.89092832994842
954,0,0,1.30200893687996,3.17541865489745,2.83675901138891
955,1,0,2.11438220876801,2.57216300291507,3.57756793395654
956,1,6.79952959789288,1.64422057984953,2.14662569460842,4.78863945697826
957,1,0,5.73033539019005,3.63693732793628,3.34014176469792
958,1,3.35128352512437,2.47149174469717,1.82204170080389,7.36165488857049
959,1,22.57207279333,3.72052227815024,2.87345218428638,3.33693652578171
960,0,5.07810931943024,5.40901818060672,3.68772743274714,3.67903951934826
961,0,4.9316685682464,2.68769500597661,1.77114145013208,1.3086887763172
962,0,0,3.28952962025115,3.01878600243279,2.95713397060568
963,1,2.58492776947926,1.50655611569507,1.96567670206246,2.98296850231473
964,0,7.69545175728283,2.36821425764766,2.03889105979841,3.17796352189698
965,1,12.239941605178,3.2902788222656,2.6961769390073,3.03328003055187
966,0,0,3.40188394403448,2.63168256413358,3.41864198602271
967,0,0,6.11274955426257,3.43862277734461,6.65677545618257
968,0,5.4764484164975,1.37661162566148,3.26074689168972,2.86879739158387
969,1,0,-0.547935729215968,-1.11130052203852,3.09562108496466
970,0,12.1060448360193,5.85607093558486,3.50510578756118,3.19879051626389
971,0,0,3.47700871084973,3.64841066529661,3.01012277227624
972,0,5.4793222293012,1.13393898777666,2.3452828449361,6.10812819254811
973,0,33.8301470768573,4.53893377856451,-0.0557287131400059,2.55564079122033
974,0,0,3.71828743110945,2.02413962652631,2.84423521618761
975,1,5.27346668194836,3.85366075196213,2.99700712805928,3.30419537790803
976,0,0,3.76370594105172,3.29677239805817,3.77432961650443
977,1,11.2660598626698,3.2610600552689,2.29298340426346,3.34695963166781
978,0,0,3.14667633428602,2.17852497803632,3.03331254610782
979,1,0,1.76013459796232,3.11860736497922,3.15922967469877
980,0,0,0.0306102978730432,3.06877553726426,1.55456964504335
981,0,1.17181296043516,1.16406728168223,1.51991871055396,2.41088114203137
982,0,13.702504555872,2.17809993701274,-1.62213361445848,2.84587168492566
983,1,6.90829778375632,4.67573960298955,3.21200925140184,5.23234655324747
984,1,3.81801160542322,1.5128673655068,2.8407781993462,2.86100028492594
985,0,0,0.735762984872307,1.61365113924708,1.34193978000066
986,0,4.31121999377553,2.71978065970431,1.76355011455208,1.67853194247768
987,0,1.49023686447868,1.66211639271717,1.5633350467914,2.50971188111137
988,1,2.97876177011874,2.97405199268806,2.88243000113705,3.40602078969537
989,1,5.84761663105678,3.97064643720325,3.4450906687927,3.33878513348823
990,1,15.4207933423506,3.42732506084782,2.86248483014834,3.23084287453474
991,1,6.58106062914861,2.94019989586851,2.99893552850452,3.55472547144242
992,0,0,5.05473414310162,3.37283141831135,3.37344296613248
993,0,4.19077853915103,2.46568664078247,2.10749640107729,4.29865157101197
994,1,14.2306007460121,4.32988204261621,2.8311696265764,2.82370019299981
995,1,5.06010710995316,2.97437671642143,2.16923385675562,3.22568949412213
996,1,5.29984686136699,2.22719380014392,1.78622327696025,4.50988995940879
997,0,4.66440140954058,2.6207403063035,3.32635334330673,4.04211290759885
998,1,3.56731765714765,2.2518843263471,2.25955586888169,3.5614103593136
999,0,0,2.15746916034328,3.4694106262627,2.87223833709603
1000,1,0,2.5525391120816,2.19196932034188,3.03091538323026
