"quantity","n_chains","n_draws","mean","rhat","ess","ess_per_draw","mcse","geweke_z","dgp","replicate"
"ATE (response scale)",4,1000,1.14180510101369,1.00232587119441,1128.06431119006,0.282016077797515,0.0140557424177613,2.03001599305721,"Linear DGP A (log-normal hurdle)",1
"Hurdle ATE (probability)",4,1000,0.0183409334378827,1.00384919304538,997.409798111122,0.24935244952778,0.00118854924143847,1.63693435920689,"Linear DGP A (log-normal hurdle)",1
"Duan smearing factor",4,1000,1.12267544810286,0.999732385090791,3792.04667882514,0.948011669706284,0.000522895170403306,1.17440441741753,"Linear DGP A (log-normal hurdle)",1
"sigma_c (log-scale SD)",4,1000,0.480363847063638,1.00324293536223,1626.75233837157,0.406688084592892,0.000574294859935791,1.96057962273849,"Linear DGP A (log-normal hurdle)",1
"Mean mu_b (hurdle prognostic)",4,1000,0.27010532010764,1.00202883891488,884.105798320454,0.221026449580114,0.0025914253046745,1.43002194643896,"Linear DGP A (log-normal hurdle)",1
"Mean tau_b (hurdle treatment)",4,1000,0.0598484494439976,1.00416657030384,931.163016324068,0.232790754081017,0.00391798531110172,1.7914611563714,"Linear DGP A (log-normal hurdle)",1
"Mean mu_c (log-scale prognostic)",4,1000,1.53175876888632,1.00008610115261,1398.24929551015,0.349562323877539,0.00113093884700068,1.97576340770783,"Linear DGP A (log-normal hurdle)",1
"Mean tau_c (log-scale treatment)",4,1000,0.212239794392359,1.00045548797467,1251.00380819392,0.31275095204848,0.0018970574069755,1.98759318335495,"Linear DGP A (log-normal hurdle)",1
"CATE[unit 412]",4,1000,0.0509884238076675,1.00233978722528,1607.4120585275,0.401853014631875,0.00188774466701634,3.67810768270365,"Linear DGP A (log-normal hurdle)",1
"CATE[unit 125]",4,1000,0.298307839013282,1.00646898447196,1605.96094790407,0.401490236976017,0.00559187408413071,2.94940317935472,"Linear DGP A (log-normal hurdle)",1
"CATE[unit 376]",4,1000,0.399872301694957,1.0047482754707,1327.63545646294,0.331908864115736,0.00599180169652338,0.838716641632609,"Linear DGP A (log-normal hurdle)",1
"CATE[unit 463]",4,1000,0.564652310302706,1.00308751390092,1729.30644614714,0.432326611536785,0.00973324572869356,1.45179781874612,"Linear DGP A (log-normal hurdle)",1
"CATE[unit 155]",4,1000,0.684675268394643,1.00328997775943,1325.49664961625,0.331374162404063,0.0107148422542099,2.72804820084147,"Linear DGP A (log-normal hurdle)",1
"CATE[unit 148]",4,1000,0.887722368409088,1.00376350617938,1431.63031895289,0.357907579738222,0.0132573351721653,2.76027462597949,"Linear DGP A (log-normal hurdle)",1
"CATE[unit 447]",4,1000,1.11872167948759,1.00444898066466,1464.36224080462,0.366090560201154,0.0338441885002329,3.00274575847283,"Linear DGP A (log-normal hurdle)",1
"CATE[unit 373]",4,1000,1.68968366169459,1.00456461216539,1963.64201717596,0.49091050429399,0.0267968959693441,2.65276780603999,"Linear DGP A (log-normal hurdle)",1
"CATE[unit 380]",4,1000,2.39821685111953,1.00211496715423,1778.61766294991,0.444654415737477,0.040329774266439,2.44702890435459,"Linear DGP A (log-normal hurdle)",1
"CATE[unit 425]",4,1000,5.80596633690486,1.00298336189427,1777.61727060815,0.444404317652037,0.0998753487505419,1.16243854482365,"Linear DGP A (log-normal hurdle)",1
"ATE (response scale)",4,1000,0.827818817035946,1.00582132058694,943.922341065728,0.235980585266432,0.0142526555372816,1.90262539582688,"Linear DGP A (log-normal hurdle)",2
"Hurdle ATE (probability)",4,1000,0.0132429179461646,1.00359993759,982.90199812451,0.245725499531127,0.00120701015456283,2.05664236987179,"Linear DGP A (log-normal hurdle)",2
"Duan smearing factor",4,1000,1.10432279262901,1.00058309571561,3700.44353901608,0.92511088475402,0.000483383224443655,1.71419325972509,"Linear DGP A (log-normal hurdle)",2
"sigma_c (log-scale SD)",4,1000,0.445891682905636,1.00738729570956,1278.4530919105,0.319613272977626,0.000632552540784544,2.00968615261816,"Linear DGP A (log-normal hurdle)",2
"Mean mu_b (hurdle prognostic)",4,1000,0.236657108547807,1.00187119698248,923.94599920309,0.230986499800773,0.00245929595727862,0.625416650074336,"Linear DGP A (log-normal hurdle)",2
"Mean tau_b (hurdle treatment)",4,1000,0.0404241444336365,1.00367617209677,967.594089835159,0.24189852245879,0.00368287160929126,1.95445897180067,"Linear DGP A (log-normal hurdle)",2
"Mean mu_c (log-scale prognostic)",4,1000,1.57543024159906,1.00462038214901,1220.70102172069,0.305175255430173,0.0011224318182879,1.23309373150328,"Linear DGP A (log-normal hurdle)",2
"Mean tau_c (log-scale treatment)",4,1000,0.147312878840423,1.00434140929393,1110.59865772698,0.277649664431746,0.00196655676524088,0.950924444433356,"Linear DGP A (log-normal hurdle)",2
"CATE[unit 402]",4,1000,0.0342454786250888,1.00591104752709,1446.57806452915,0.361644516132288,0.00234314957685501,1.722761852078,"Linear DGP A (log-normal hurdle)",2
"CATE[unit 5]",4,1000,0.196144392341342,1.01100643452809,1286.95609644316,0.321739024110791,0.00791957846705348,3.33287324063275,"Linear DGP A (log-normal hurdle)",2
"CATE[unit 49]",4,1000,0.315416316547288,1.00260440102395,1100.81260970346,0.275203152425865,0.0117836589648546,1.22950266258586,"Linear DGP A (log-normal hurdle)",2
"CATE[unit 25]",4,1000,0.391585501340505,1.00425216221619,1196.78767194229,0.299196917985573,0.00859836247884701,2.60282188679135,"Linear DGP A (log-normal hurdle)",2
"CATE[unit 342]",4,1000,0.511573535702844,1.01063204624206,1016.40660116535,0.254101650291336,0.0102450654611956,1.43072045899103,"Linear DGP A (log-normal hurdle)",2
"CATE[unit 178]",4,1000,0.591471704320983,1.00476988823118,1542.43421923951,0.385608554809877,0.0194507315206003,2.64369263052878,"Linear DGP A (log-normal hurdle)",2
"CATE[unit 368]",4,1000,0.761099345749643,1.00782432329055,1412.63368080795,0.353158420201989,0.0226900582010829,2.15666213119452,"Linear DGP A (log-normal hurdle)",2
"CATE[unit 68]",4,1000,1.10111296818667,1.00267849612871,1263.97629997568,0.315994074993921,0.023836437542606,1.76063642401974,"Linear DGP A (log-normal hurdle)",2
"CATE[unit 240]",4,1000,1.70665324738851,1.00953142655716,1148.49416489756,0.28712354122439,0.0315005523051663,1.68133946301575,"Linear DGP A (log-normal hurdle)",2
"CATE[unit 381]",4,1000,6.98094798353666,1.00360445550844,1050.54798548412,0.262636996371029,0.159573202225853,2.2728699395907,"Linear DGP A (log-normal hurdle)",2
"ATE (response scale)",4,1000,1.03709656340813,1.0016327297349,796.309457166118,0.199077364291529,0.0144958301400956,0.512470595387015,"Linear DGP A (log-normal hurdle)",3
"Hurdle ATE (probability)",4,1000,0.0359975164079484,1.0012047102442,778.096502346932,0.194524125586733,0.0013976152097621,0.86054040685362,"Linear DGP A (log-normal hurdle)",3
"Duan smearing factor",4,1000,1.10686503135678,1.00017808201587,3482.28610280283,0.870571525700708,0.000511784049343562,1.5695994699709,"Linear DGP A (log-normal hurdle)",3
"sigma_c (log-scale SD)",4,1000,0.450826098560788,1.00494066685787,602.315235688051,0.150578808922013,0.00101238566473876,1.78682737988318,"Linear DGP A (log-normal hurdle)",3
"Mean mu_b (hurdle prognostic)",4,1000,0.278394301019359,1.00123948886111,713.932172275807,0.178483043068952,0.00310510271817009,1.59008949138805,"Linear DGP A (log-normal hurdle)",3
"Mean tau_b (hurdle treatment)",4,1000,0.115146302288792,1.00121217498285,743.475436882269,0.185868859220567,0.00449239356169927,1.01836100885364,"Linear DGP A (log-normal hurdle)",3
"Mean mu_c (log-scale prognostic)",4,1000,1.33493247866246,1.00211480868915,1245.05179247799,0.311262948119497,0.00117862059931861,1.14207582520133,"Linear DGP A (log-normal hurdle)",3
"Mean tau_c (log-scale treatment)",4,1000,0.306370699959527,1.00219209799888,1077.36736286069,0.269341840715171,0.00190456254067598,0.935201968146094,"Linear DGP A (log-normal hurdle)",3
"CATE[unit 55]",4,1000,-1.26627850147985,1.0046158113498,652.235698766457,0.163058924691614,0.128109791379825,1.32694849195538,"Linear DGP A (log-normal hurdle)",3
"CATE[unit 161]",4,1000,0.0646759336756819,1.0015740114578,840.313286244505,0.210078321561126,0.0414511072788654,1.40632741335046,"Linear DGP A (log-normal hurdle)",3
"CATE[unit 415]",4,1000,0.279165959808409,1.00050727022377,1525.01071188303,0.381252677970757,0.00385729759963659,1.0975536517007,"Linear DGP A (log-normal hurdle)",3
"CATE[unit 167]",4,1000,0.531702743209089,1.01148251138222,508.004188189108,0.127001047047277,0.0272138669578992,2.81596521640302,"Linear DGP A (log-normal hurdle)",3
"CATE[unit 349]",4,1000,0.683813806087532,1.00830814583434,1092.39257772204,0.27309814443051,0.00991133256268898,2.04009457290339,"Linear DGP A (log-normal hurdle)",3
"CATE[unit 392]",4,1000,0.941143430416529,1.00397175141881,1033.20169297656,0.258300423244141,0.0120907612175502,0.60946871168238,"Linear DGP A (log-normal hurdle)",3
"CATE[unit 149]",4,1000,1.21169509352877,1.00511235127048,1021.68035899424,0.255420089748559,0.0132285081433193,1.12981450123102,"Linear DGP A (log-normal hurdle)",3
"CATE[unit 189]",4,1000,1.62035004763798,1.00846711377118,985.585702991082,0.246396425747771,0.028267178987422,0.58127760839443,"Linear DGP A (log-normal hurdle)",3
"CATE[unit 252]",4,1000,2.19991216972072,0.999883617622426,1486.61536718361,0.371653841795901,0.0265276136691607,0.3235710413233,"Linear DGP A (log-normal hurdle)",3
"CATE[unit 378]",4,1000,7.64494218675329,1.00254193578833,1125.865516796,0.281466379199001,0.118216381846135,1.27446950476034,"Linear DGP A (log-normal hurdle)",3
"ATE (response scale)",4,1000,1.44810050921452,1.00236610683041,598.323017226665,0.149580754306666,0.019224580150143,2.66256065625695,"Linear DGP A (log-normal hurdle)",4
"Hurdle ATE (probability)",4,1000,0.0699268318558679,1.00455522343703,553.47333822266,0.138368334555665,0.00192370433134566,2.12978457026382,"Linear DGP A (log-normal hurdle)",4
"Duan smearing factor",4,1000,1.09920110432292,1.00389556296079,3104.65099802074,0.776162749505185,0.000506057641942001,4.04778748064753,"Linear DGP A (log-normal hurdle)",4
"sigma_c (log-scale SD)",4,1000,0.433147290679161,1.01718434700265,661.712197242873,0.165428049310718,0.000922409340850472,2.89772396366901,"Linear DGP A (log-normal hurdle)",4
"Mean mu_b (hurdle prognostic)",4,1000,0.22371156294304,1.00418290374572,448.965132801243,0.112241283200311,0.00451125416257012,2.16177515070353,"Linear DGP A (log-normal hurdle)",4
"Mean tau_b (hurdle treatment)",4,1000,0.250084263219633,1.00867138535823,486.857642174189,0.121714410543547,0.00694415736632152,1.47710910689153,"Linear DGP A (log-normal hurdle)",4
"Mean mu_c (log-scale prognostic)",4,1000,1.45463071967605,1.00292857340051,899.500373908496,0.224875093477124,0.00140883546727493,1.18586335896467,"Linear DGP A (log-normal hurdle)",4
"Mean tau_c (log-scale treatment)",4,1000,0.216947237016842,1.00631199149035,650.704990894872,0.162676247723718,0.00249727440795604,1.12077349462445,"Linear DGP A (log-normal hurdle)",4
"CATE[unit 392]",4,1000,0.083822568525083,1.00516154589885,1332.16993097332,0.333042482743329,0.00169235664719354,2.45018419056289,"Linear DGP A (log-normal hurdle)",4
"CATE[unit 494]",4,1000,0.376573729296664,1.00789657777071,671.506841423031,0.167876710355758,0.0168258451823235,2.8910186651297,"Linear DGP A (log-normal hurdle)",4
"CATE[unit 120]",4,1000,0.521123698007584,1.00555725006329,1087.54986021884,0.271887465054709,0.0121086845540051,3.24118435946696,"Linear DGP A (log-normal hurdle)",4
"CATE[unit 370]",4,1000,0.719031810901057,1.00755072435951,1281.67304677125,0.320418261692813,0.0197620512334866,3.44722566431115,"Linear DGP A (log-normal hurdle)",4
"CATE[unit 385]",4,1000,0.917411454712499,1.00858069507731,1095.85798946006,0.273964497365015,0.043289901226499,2.81523358400407,"Linear DGP A (log-normal hurdle)",4
"CATE[unit 306]",4,1000,1.1045094509592,1.00363670954715,794.737081259391,0.198684270314848,0.0235922551904152,1.76811355004143,"Linear DGP A (log-normal hurdle)",4
"CATE[unit 241]",4,1000,1.5819447992376,1.01881227488978,562.960195304892,0.140740048826223,0.0297843556487684,3.41391790502444,"Linear DGP A (log-normal hurdle)",4
"CATE[unit 474]",4,1000,2.02051658142775,1.00378013827664,940.256822188552,0.235064205547138,0.0617313271955705,2.29334375928681,"Linear DGP A (log-normal hurdle)",4
"CATE[unit 7]",4,1000,3.14293719967818,1.01047243237848,809.011203988844,0.202252800997211,0.0510728343765488,2.34350389206031,"Linear DGP A (log-normal hurdle)",4
"CATE[unit 415]",4,1000,8.02489135001918,1.00764856262026,827.03105499965,0.206757763749912,0.150163960706722,1.5916713826617,"Linear DGP A (log-normal hurdle)",4
"ATE (response scale)",4,1000,1.37288962317123,1.00737584128279,721.923823849926,0.180480955962481,0.0174181729413009,0.950759136322382,"Linear DGP A (log-normal hurdle)",5
"Hurdle ATE (probability)",4,1000,0.0240694430025038,1.01409528189037,704.619118563032,0.176154779640758,0.001459691363273,1.7466759111904,"Linear DGP A (log-normal hurdle)",5
"Duan smearing factor",4,1000,1.11304891655283,1.00089397147495,3360.46856268285,0.840117140670712,0.00051403601498221,0.931638827753716,"Linear DGP A (log-normal hurdle)",5
"sigma_c (log-scale SD)",4,1000,0.46406412559533,1.0145870007164,924.415986189206,0.231103996547301,0.000764633219913755,3.53285178308241,"Linear DGP A (log-normal hurdle)",5
"Mean mu_b (hurdle prognostic)",4,1000,0.383455073278643,1.00597228389913,709.956837204722,0.177489209301181,0.0032766170395772,1.91975766568779,"Linear DGP A (log-normal hurdle)",5
"Mean tau_b (hurdle treatment)",4,1000,0.0875190437447183,1.01425392182401,671.150577934623,0.167787644483656,0.00513557027609483,1.75972547559671,"Linear DGP A (log-normal hurdle)",5
"Mean mu_c (log-scale prognostic)",4,1000,1.49409538504917,1.00181678129366,1013.75884535477,0.253439711338692,0.0013028734343648,0.82685403069551,"Linear DGP A (log-normal hurdle)",5
"Mean tau_c (log-scale treatment)",4,1000,0.242180821334316,1.00549346537282,742.290490341132,0.185572622585283,0.00238198532026968,1.1878082271653,"Linear DGP A (log-normal hurdle)",5
"CATE[unit 484]",4,1000,0.078223460496733,1.04828701805633,576.269122214806,0.144067280553702,0.00403141405584454,0.989235140046879,"Linear DGP A (log-normal hurdle)",5
"CATE[unit 37]",4,1000,0.293791390067102,1.00405680518157,1221.57428641662,0.305393571604155,0.00695646555250772,1.22541969199541,"Linear DGP A (log-normal hurdle)",5
"CATE[unit 447]",4,1000,0.488542521142798,1.00891501901896,897.241684300927,0.224310421075232,0.00979998667861916,1.76402284027919,"Linear DGP A (log-normal hurdle)",5
"CATE[unit 426]",4,1000,0.692433219512892,1.00723835820217,974.688982226853,0.243672245556713,0.0108217121775905,0.916030658765084,"Linear DGP A (log-normal hurdle)",5
"CATE[unit 361]",4,1000,0.817193559044075,1.00353830122555,1485.80625489259,0.371451563723147,0.0117053628078857,1.07323623448163,"Linear DGP A (log-normal hurdle)",5
"CATE[unit 70]",4,1000,1.10513973507807,1.00680005331313,857.532318088559,0.21438307952214,0.0275361334716458,0.8886619302545,"Linear DGP A (log-normal hurdle)",5
"CATE[unit 441]",4,1000,1.55637964639201,1.00665693884189,1125.16483591324,0.281291208978309,0.0392150291305564,1.72261704749389,"Linear DGP A (log-normal hurdle)",5
"CATE[unit 468]",4,1000,2.13890790133931,1.00448097737192,1125.20359661265,0.281300899153163,0.0517317099585581,2.10012110568163,"Linear DGP A (log-normal hurdle)",5
"CATE[unit 363]",4,1000,3.14391696734321,1.0128645955902,721.164118257469,0.180291029564367,0.0722220956444028,1.43962177268293,"Linear DGP A (log-normal hurdle)",5
"CATE[unit 240]",4,1000,8.50360447307012,1.00542922322028,912.498072106185,0.228124518026546,0.152469155030755,1.20272852229274,"Linear DGP A (log-normal hurdle)",5
"ATE (response scale)",4,1000,1.66479993243461,1.00226353563349,1457.86806136944,0.364467015342359,0.0162038526416752,1.31021410148823,"Linear DGP B (Gamma hurdle)",1
"Hurdle ATE (probability)",4,1000,0.0184107763008823,1.00147529188367,835.327595335669,0.208831898833917,0.00133869183654443,0.783483904689452,"Linear DGP B (Gamma hurdle)",1
"Duan smearing factor",4,1000,1.28766424000935,0.999703577966764,3658.09668061531,0.914524170153829,0.000999091373623597,0.58490797906296,"Linear DGP B (Gamma hurdle)",1
"sigma_c (log-scale SD)",4,1000,0.754247816069576,1.00231091627145,1599.02366023739,0.399755915059348,0.000908265437408954,1.25317281730121,"Linear DGP B (Gamma hurdle)",1
"Mean mu_b (hurdle prognostic)",4,1000,0.27214194924445,1.00133982839237,891.655730213999,0.2229139325535,0.00258468189872699,0.386481104647369,"Linear DGP B (Gamma hurdle)",1
"Mean tau_b (hurdle treatment)",4,1000,0.0600197385343791,1.00144635151119,814.706545948912,0.203676636487228,0.00431201840621764,0.71156113408897,"Linear DGP B (Gamma hurdle)",1
"Mean mu_c (log-scale prognostic)",4,1000,1.25235072902962,1.00117151751717,1477.683627266,0.369420906816501,0.0016660664716687,1.39026239123374,"Linear DGP B (Gamma hurdle)",1
"Mean tau_c (log-scale treatment)",4,1000,0.316180434672926,1.00183106604163,1308.37828564797,0.327094571411994,0.00276436247068543,1.02156280262259,"Linear DGP B (Gamma hurdle)",1
"CATE[unit 412]",4,1000,0.072357757926382,1.00612471740773,1636.32247871911,0.409080619679779,0.00285781292658651,1.85916861219802,"Linear DGP B (Gamma hurdle)",1
"CATE[unit 220]",4,1000,0.363545708259684,1.00094389949849,1328.70442904058,0.332176107260144,0.00884032037201189,1.18450922137102,"Linear DGP B (Gamma hurdle)",1
"CATE[unit 314]",4,1000,0.543664744290272,1.00679931904303,1558.51838515165,0.389629596287911,0.00888354488551909,1.73889317800401,"Linear DGP B (Gamma hurdle)",1
"CATE[unit 409]",4,1000,0.692149901855167,1.00342487266955,1811.09651960648,0.45277412990162,0.0091643975865715,1.19861751983428,"Linear DGP B (Gamma hurdle)",1
"CATE[unit 382]",4,1000,0.976696359535874,1.001085079986,1634.58693724105,0.408646734310261,0.0218359101917031,0.962815870320164,"Linear DGP B (Gamma hurdle)",1
"CATE[unit 417]",4,1000,1.19153912744889,1.00134087519611,1907.19513699739,0.476798784249348,0.0212960757814767,2.35396343696601,"Linear DGP B (Gamma hurdle)",1
"CATE[unit 48]",4,1000,1.69266493708519,1.00632876699117,1335.4798302744,0.333869957568601,0.0248566635515434,2.20741404956309,"Linear DGP B (Gamma hurdle)",1
"CATE[unit 263]",4,1000,2.37141451962119,1.00354446765923,1826.53043786091,0.456632609465228,0.0510975817725354,1.10420384414116,"Linear DGP B (Gamma hurdle)",1
"CATE[unit 340]",4,1000,3.63586967510019,1.00245671464187,1611.39030401707,0.402847576004268,0.0487672511130077,2.59259341416499,"Linear DGP B (Gamma hurdle)",1
"CATE[unit 336]",4,1000,10.1450834994867,1.00034094098771,1981.14629086913,0.495286572717281,0.158049534189202,0.875951924040264,"Linear DGP B (Gamma hurdle)",1
"ATE (response scale)",4,1000,0.73182041511156,1.00043599641674,1080.69988503944,0.270174971259861,0.0167324362971307,0.908955635543272,"Linear DGP B (Gamma hurdle)",2
"Hurdle ATE (probability)",4,1000,0.0133572563126156,1.00405053263756,1171.01302874454,0.292753257186136,0.00109767045065076,2.57443851936257,"Linear DGP B (Gamma hurdle)",2
"Duan smearing factor",4,1000,1.30349811763465,1.00040862124768,3781.36599054203,0.945341497635506,0.000990733448745156,1.19114155069802,"Linear DGP B (Gamma hurdle)",2
"sigma_c (log-scale SD)",4,1000,0.759550510511813,1.00360394426833,1664.7081995301,0.416177049882526,0.000875947711480245,1.44809297722383,"Linear DGP B (Gamma hurdle)",2
"Mean mu_b (hurdle prognostic)",4,1000,0.236963968660097,1.00516717904467,950.793791810944,0.237698447952736,0.00247005463204692,1.65829449836253,"Linear DGP B (Gamma hurdle)",2
"Mean tau_b (hurdle treatment)",4,1000,0.0408440928298089,1.00414908090776,1154.54563994717,0.288636409986793,0.00334454684800311,1.65480469303428,"Linear DGP B (Gamma hurdle)",2
"Mean mu_c (log-scale prognostic)",4,1000,1.30670160068672,0.999996376920323,1505.83654052027,0.376459135130069,0.00165039622140753,0.688549286303213,"Linear DGP B (Gamma hurdle)",2
"Mean tau_c (log-scale treatment)",4,1000,0.142700528244713,1.00015916240986,1352.96726007514,0.338241815018786,0.00282218284329842,1.0448949676349,"Linear DGP B (Gamma hurdle)",2
"CATE[unit 131]",4,1000,0.0204891805708006,1.00374035983449,693.126316795954,0.173281579198989,0.00598409820655679,1.03586037945187,"Linear DGP B (Gamma hurdle)",2
"CATE[unit 129]",4,1000,0.184811082027957,1.00431974801239,1625.03689554696,0.406259223886741,0.00518790257572688,1.00419023186153,"Linear DGP B (Gamma hurdle)",2
"CATE[unit 210]",4,1000,0.26145861719802,1.00134616626318,1721.98416638042,0.430496041595106,0.0104307814409681,1.58917370141453,"Linear DGP B (Gamma hurdle)",2
"CATE[unit 416]",4,1000,0.326340511869807,1.00565881682075,1623.72849655998,0.405932124139994,0.0143371742158978,1.58539406626977,"Linear DGP B (Gamma hurdle)",2
"CATE[unit 133]",4,1000,0.462143377694466,1.00199455219134,1380.24048694808,0.345060121737021,0.0147069291447223,2.54039098731625,"Linear DGP B (Gamma hurdle)",2
"CATE[unit 307]",4,1000,0.599769455747595,1.00074328651483,1765.15143533552,0.44128785883388,0.0155815777118098,1.13872922625321,"Linear DGP B (Gamma hurdle)",2
"CATE[unit 440]",4,1000,0.771203866688854,1.00609269337811,1340.52948899086,0.335132372247716,0.0220344241858308,1.72148466171374,"Linear DGP B (Gamma hurdle)",2
"CATE[unit 220]",4,1000,0.989924078168203,1.00174070874935,1613.67123840686,0.403417809601715,0.0262937210259057,0.498728867516658,"Linear DGP B (Gamma hurdle)",2
"CATE[unit 47]",4,1000,1.53072785839145,1.0010815589749,1432.96676794493,0.358241691986232,0.0366173816588358,0.609488048278356,"Linear DGP B (Gamma hurdle)",2
"CATE[unit 445]",4,1000,6.16947211901417,1.0012925144093,1384.17621338055,0.346044053345138,0.168730319353563,1.36389623146185,"Linear DGP B (Gamma hurdle)",2
"ATE (response scale)",4,1000,1.98566197768755,1.00147404082558,1163.33021315148,0.29083255328787,0.0155346890598037,1.23135304276217,"Linear DGP B (Gamma hurdle)",3
"Hurdle ATE (probability)",4,1000,0.036712464652187,1.00701182332547,778.116546534324,0.194529136633581,0.00143423130724711,1.85075885476433,"Linear DGP B (Gamma hurdle)",3
"Duan smearing factor",4,1000,1.34458374692533,1.00021911258092,3574.98824402507,0.893747061006268,0.00109477118609007,1.49121422463032,"Linear DGP B (Gamma hurdle)",3
"sigma_c (log-scale SD)",4,1000,0.825382876664698,1.00222300504669,1882.74635417732,0.470686588544329,0.000881817291864303,1.43274625173921,"Linear DGP B (Gamma hurdle)",3
"Mean mu_b (hurdle prognostic)",4,1000,0.276157983384071,1.0048788130615,831.215823895227,0.207803955973807,0.00288865466459665,1.23497032477691,"Linear DGP B (Gamma hurdle)",3
"Mean tau_b (hurdle treatment)",4,1000,0.118115362550849,1.00643378844947,747.004119946654,0.186751029986663,0.00463301139022593,1.87145047870177,"Linear DGP B (Gamma hurdle)",3
"Mean mu_c (log-scale prognostic)",4,1000,1.04209738673075,1.0001103046762,1175.81609585904,0.29395402396476,0.0020672415099878,0.280546594206492,"Linear DGP B (Gamma hurdle)",3
"Mean tau_c (log-scale treatment)",4,1000,0.421570606439007,1.0002820832964,1093.18463539326,0.273296158848315,0.0031475794513983,0.450214341386481,"Linear DGP B (Gamma hurdle)",3
"CATE[unit 28]",4,1000,0.134533454640899,1.01032492465517,1585.01087296146,0.396252718240366,0.00563573575573867,1.41575294722085,"Linear DGP B (Gamma hurdle)",3
"CATE[unit 452]",4,1000,0.476378699468749,1.00428385679434,1980.22235695259,0.495055589238149,0.0114018354959806,2.48511370143624,"Linear DGP B (Gamma hurdle)",3
"CATE[unit 14]",4,1000,0.694769499742473,1.00445814727384,1688.45533478437,0.422113833696094,0.00883003591495379,1.12911160528553,"Linear DGP B (Gamma hurdle)",3
"CATE[unit 477]",4,1000,0.975083004508166,1.00453190122337,1542.99506590302,0.385748766475754,0.0160183046739915,0.881807059662213,"Linear DGP B (Gamma hurdle)",3
"CATE[unit 184]",4,1000,1.25066239287692,1.00306761532984,1845.686091751,0.46142152293775,0.021940605332066,0.521293646572613,"Linear DGP B (Gamma hurdle)",3
"CATE[unit 43]",4,1000,1.53298777381796,1.00111334636836,1770.40120778019,0.442600301945046,0.0206648137315514,2.1295774983612,"Linear DGP B (Gamma hurdle)",3
"CATE[unit 459]",4,1000,2.11594771217198,1.00203810198443,1920.64407346751,0.480161018366877,0.0308992363279202,1.58901808277136,"Linear DGP B (Gamma hurdle)",3
"CATE[unit 169]",4,1000,2.87529957216964,1.00177241372872,1778.13864088713,0.444534660221781,0.0404201606934553,3.18484586064017,"Linear DGP B (Gamma hurdle)",3
"CATE[unit 257]",4,1000,3.89446076304285,1.00116628635965,1700.98594608616,0.42524648652154,0.0473694019948836,1.24488077723449,"Linear DGP B (Gamma hurdle)",3
"CATE[unit 485]",4,1000,14.1440225475973,1.00877970037409,1679.82862484414,0.419957156211035,0.209852260450718,3.53270789964324,"Linear DGP B (Gamma hurdle)",3
"ATE (response scale)",4,1000,1.80085144540512,1.00209369294061,753.690353564268,0.188422588391067,0.0231596091295062,0.702307648392235,"Linear DGP B (Gamma hurdle)",4
"Hurdle ATE (probability)",4,1000,0.0679294528515442,1.0035880564229,518.610100314674,0.129652525078668,0.00190963505019277,0.974640425476573,"Linear DGP B (Gamma hurdle)",4
"Duan smearing factor",4,1000,1.3291585265933,0.999607694773944,4107.83068597158,1.02695767149289,0.000984513549065998,2.402882529265,"Linear DGP B (Gamma hurdle)",4
"sigma_c (log-scale SD)",4,1000,0.806167832450342,1.0035084808102,2087.55391603226,0.521888479008066,0.000803982052441584,1.36941958412753,"Linear DGP B (Gamma hurdle)",4
"Mean mu_b (hurdle prognostic)",4,1000,0.228542700539174,1.00649410356613,497.518059675223,0.124379514918806,0.00427013086624994,1.55208078292794,"Linear DGP B (Gamma hurdle)",4
"Mean tau_b (hurdle treatment)",4,1000,0.240960969866276,1.00469115458729,444.182571364146,0.111045642841036,0.00698253790875133,0.971109840273145,"Linear DGP B (Gamma hurdle)",4
"Mean mu_c (log-scale prognostic)",4,1000,1.20675630050582,1.00024426923373,984.802559778959,0.24620063994474,0.00243203083750245,1.43186778183944,"Linear DGP B (Gamma hurdle)",4
"Mean tau_c (log-scale treatment)",4,1000,0.297835800031441,1.00034415493671,855.441294207332,0.213860323551833,0.00389524123654381,1.49475259905466,"Linear DGP B (Gamma hurdle)",4
"CATE[unit 491]",4,1000,0.141984044519673,1.0002530636444,1472.63092218219,0.368157730545548,0.00253163269926957,1.02279981443602,"Linear DGP B (Gamma hurdle)",4
"CATE[unit 430]",4,1000,0.443100100853034,1.01061329864372,1291.58430973135,0.322896077432838,0.0133746309752279,1.69503808780238,"Linear DGP B (Gamma hurdle)",4
"CATE[unit 183]",4,1000,0.66572347433278,1.02163407878934,775.446731807688,0.193861682951922,0.0276671744465207,1.1827938416822,"Linear DGP B (Gamma hurdle)",4
"CATE[unit 281]",4,1000,0.911943315305534,1.00236064626016,1567.34199362797,0.391835498406994,0.0153221953923233,1.00587368353236,"Linear DGP B (Gamma hurdle)",4
"CATE[unit 351]",4,1000,1.17964039478257,1.00288769553097,1158.55916556583,0.289639791391458,0.0185439640187569,0.927458780358457,"Linear DGP B (Gamma hurdle)",4
"CATE[unit 61]",4,1000,1.47906405309314,1.00166755555446,1441.95870127729,0.360489675319323,0.0213218365163837,2.10368638238143,"Linear DGP B (Gamma hurdle)",4
"CATE[unit 424]",4,1000,1.76205641419892,1.00790967268538,888.606970166518,0.222151742541629,0.0510089238033112,1.25402931470108,"Linear DGP B (Gamma hurdle)",4
"CATE[unit 110]",4,1000,2.63232390350834,1.00485059764882,1155.56263213414,0.288890658033534,0.040008381980284,1.37981976062998,"Linear DGP B (Gamma hurdle)",4
"CATE[unit 83]",4,1000,3.52304331889025,1.00729166405679,1145.38980378307,0.286347450945768,0.0744036679437431,1.39736858168826,"Linear DGP B (Gamma hurdle)",4
"CATE[unit 415]",4,1000,11.6614553092783,1.00334882520518,1425.8248142333,0.356456203558324,0.184017682752475,1.99646480948877,"Linear DGP B (Gamma hurdle)",4
"ATE (response scale)",4,1000,1.4982767474744,1.00375343693113,996.314788478008,0.249078697119502,0.0185349940525994,0.732940532415868,"Linear DGP B (Gamma hurdle)",5
"Hurdle ATE (probability)",4,1000,0.0255652743882069,1.00245559716816,727.530185659812,0.181882546414953,0.00139494386980192,1.92051019416854,"Linear DGP B (Gamma hurdle)",5
"Duan smearing factor",4,1000,1.29511733956359,0.999748670566123,3664.82981531138,0.916207453827844,0.000956114271768518,1.44701209677226,"Linear DGP B (Gamma hurdle)",5
"sigma_c (log-scale SD)",4,1000,0.768900520567613,1.00328985641309,2383.06995932199,0.595767489830497,0.000695427652195121,1.94039717795733,"Linear DGP B (Gamma hurdle)",5
"Mean mu_b (hurdle prognostic)",4,1000,0.376438921654646,1.00952850581263,747.675347868491,0.186918836967123,0.00313623584626288,1.53634399595824,"Linear DGP B (Gamma hurdle)",5
"Mean tau_b (hurdle treatment)",4,1000,0.0920844506328296,1.00215689931288,701.109169651947,0.175277292412987,0.00482204760338144,1.47253182147657,"Linear DGP B (Gamma hurdle)",5
"Mean mu_c (log-scale prognostic)",4,1000,1.26282235932806,1.00108477772138,1276.98162610465,0.319245406526163,0.00184550165807016,0.894074504846773,"Linear DGP B (Gamma hurdle)",5
"Mean tau_c (log-scale treatment)",4,1000,0.26638495522143,1.00275164113371,1050.63186400005,0.262657966000012,0.00322779203114415,1.04934497104109,"Linear DGP B (Gamma hurdle)",5
"CATE[unit 72]",4,1000,0.0880006572982039,1.00477237485008,1232.39399723573,0.308098499308933,0.00503281343722357,1.36407899036437,"Linear DGP B (Gamma hurdle)",5
"CATE[unit 362]",4,1000,0.33036667928205,1.00316998445529,1301.43923292223,0.325359808230558,0.00660846037007283,1.22996667170578,"Linear DGP B (Gamma hurdle)",5
"CATE[unit 409]",4,1000,0.469509290215806,1.00406026566446,1251.1973679895,0.312799341997375,0.00982370878179049,1.21910739423166,"Linear DGP B (Gamma hurdle)",5
"CATE[unit 459]",4,1000,0.629128756831853,1.00694120510558,1436.7811718047,0.359195292951174,0.0121802014548368,1.78943898309808,"Linear DGP B (Gamma hurdle)",5
"CATE[unit 489]",4,1000,0.820669150378587,1.00250969256379,1281.30188657546,0.320325471643864,0.0138071134647108,1.14673978431857,"Linear DGP B (Gamma hurdle)",5
"CATE[unit 23]",4,1000,1.0840332580711,1.00318517246746,1843.43737323395,0.460859343308489,0.0215891234387136,1.510275277485,"Linear DGP B (Gamma hurdle)",5
"CATE[unit 161]",4,1000,1.49538431599359,1.00411452529546,1634.5381673518,0.40863454183795,0.0307753407979079,1.15220125086758,"Linear DGP B (Gamma hurdle)",5
"CATE[unit 454]",4,1000,2.14577476606073,1.00485613065429,1175.51991926004,0.29387997981501,0.0393148904966588,2.95650700500398,"Linear DGP B (Gamma hurdle)",5
"CATE[unit 311]",4,1000,3.17906040407285,1.00392212635368,1295.88788043709,0.323971970109273,0.0852876081923896,1.5837510124909,"Linear DGP B (Gamma hurdle)",5
"CATE[unit 240]",4,1000,12.8231368923504,1.00357992591765,1592.23916967587,0.398059792418967,0.20129848668206,2.33024573201963,"Linear DGP B (Gamma hurdle)",5
"ATE (response scale)",4,1000,3.01425137580859,1.00443110664109,1176.86177574773,0.294215443936933,0.0292542353187796,2.37243973291196,"Linear DGP C (Tweedie)",1
"Hurdle ATE (probability)",4,1000,0.0679446809308036,1.01484701590006,358.749983927096,0.0896874959817739,0.0015345356828719,3.0969468433406,"Linear DGP C (Tweedie)",1
"Duan smearing factor",4,1000,1.55313147082027,0.999461218799476,4000,1,0.00135186615172531,0.806814956561046,"Linear DGP C (Tweedie)",1
"sigma_c (log-scale SD)",4,1000,1.1017504139757,1.00040414808771,2129.59560471683,0.532398901179208,0.000885833996089882,1.26048612396271,"Linear DGP C (Tweedie)",1
"Mean mu_b (hurdle prognostic)",4,1000,1.35893538899716,1.03569173766543,240.959079317291,0.0602397698293226,0.00931229540197447,2.64690397229187,"Linear DGP C (Tweedie)",1
"Mean tau_b (hurdle treatment)",4,1000,0.512979694613766,1.02679142730394,288.411243115711,0.0721028107789278,0.0136549194667937,2.86478688439737,"Linear DGP C (Tweedie)",1
"Mean mu_c (log-scale prognostic)",4,1000,0.842894121299302,1.00036713385033,1256.35213078781,0.314088032696952,0.00206879122956282,2.37050078285661,"Linear DGP C (Tweedie)",1
"Mean tau_c (log-scale treatment)",4,1000,0.345856022120047,1.00149438730976,1246.12806546702,0.311532016366754,0.00340474877505513,1.76934659413322,"Linear DGP C (Tweedie)",1
"CATE[unit 296]",4,1000,0.0756046278971926,1.00232778088277,1764.92171942148,0.441230429855371,0.00165291548423105,3.56349006614992,"Linear DGP C (Tweedie)",1
"CATE[unit 447]",4,1000,0.50926889109297,1.00395101392823,1231.76118363039,0.307940295907598,0.0111033399216138,1.30643139048448,"Linear DGP C (Tweedie)",1
"CATE[unit 169]",4,1000,0.750044692638846,1.00485579127252,1639.3321448617,0.409833036215424,0.012910841923461,1.48081842997242,"Linear DGP C (Tweedie)",1
"CATE[unit 74]",4,1000,1.13907939533114,1.00187799536128,1977.48908274527,0.494372270686318,0.0191403134316541,2.33815325004166,"Linear DGP C (Tweedie)",1
"CATE[unit 134]",4,1000,1.47761324945277,1.00404826001276,1400.20360271553,0.350050900678884,0.0220136882626714,1.9947366310943,"Linear DGP C (Tweedie)",1
"CATE[unit 425]",4,1000,1.97947356134726,1.00230511553626,1312.97682128987,0.328244205322467,0.0450448784380649,1.02507481339255,"Linear DGP C (Tweedie)",1
"CATE[unit 485]",4,1000,2.62392017244861,1.00274785592263,1512.44787921387,0.378111969803469,0.0370593169689638,1.82484241209716,"Linear DGP C (Tweedie)",1
"CATE[unit 180]",4,1000,4.00159464723204,1.00267802451694,1728.67952438133,0.432169881095333,0.0660685224760251,1.9855592083014,"Linear DGP C (Tweedie)",1
"CATE[unit 439]",4,1000,6.22415820756866,1.01087514900135,1310.46834085164,0.327617085212909,0.107537279011904,2.69316282241007,"Linear DGP C (Tweedie)",1
"CATE[unit 7]",4,1000,29.1196544651148,1.00440522723767,1908.51191464622,0.477127978661556,0.710452334305309,1.77678746133087,"Linear DGP C (Tweedie)",1
"ATE (response scale)",4,1000,3.77111385492111,1.00221767823829,1110.93081966686,0.277732704916716,0.0239072433357094,0.930974566351687,"Linear DGP C (Tweedie)",2
"Hurdle ATE (probability)",4,1000,0.0802680732481558,1.01986547505692,381.845786789851,0.0954614466974628,0.00151464239740797,1.6662240751816,"Linear DGP C (Tweedie)",2
"Duan smearing factor",4,1000,1.40958046518902,0.999898707458848,3951.02828580993,0.987757071452482,0.00101072383572048,2.34590288095289,"Linear DGP C (Tweedie)",2
"sigma_c (log-scale SD)",4,1000,0.918368136965515,1.00658473185641,1375.41522025624,0.34385380506406,0.000950894305336115,2.92006807836215,"Linear DGP C (Tweedie)",2
"Mean mu_b (hurdle prognostic)",4,1000,1.23685838319148,1.03638458011261,278.199787481613,0.0695499468704033,0.00787817396849794,2.11547129796798,"Linear DGP C (Tweedie)",2
"Mean tau_b (hurdle treatment)",4,1000,0.629013413187585,1.0736423660194,230.638144738319,0.0576595361845797,0.0171818470888755,2.88618258834308,"Linear DGP C (Tweedie)",2
"Mean mu_c (log-scale prognostic)",4,1000,0.91675529248812,1.00067391330892,1224.80966554453,0.306202416386133,0.0017503233897537,1.3465064885772,"Linear DGP C (Tweedie)",2
"Mean tau_c (log-scale treatment)",4,1000,0.442649638984857,1.00097593107408,1115.30806307452,0.27882701576863,0.00303727498668788,2.24726607943152,"Linear DGP C (Tweedie)",2
"CATE[unit 131]",4,1000,0.142192159536368,1.01198137977917,869.020765949405,0.217255191487351,0.0063529878726093,4.07517612097541,"Linear DGP C (Tweedie)",2
"CATE[unit 492]",4,1000,0.590209472060448,1.00311105075544,1177.82898926744,0.29445724731686,0.0110428367734441,2.82499082049223,"Linear DGP C (Tweedie)",2
"CATE[unit 252]",4,1000,0.991407888015101,1.00169135118869,1369.41143952704,0.342352859881759,0.015340237595521,3.21358918777338,"Linear DGP C (Tweedie)",2
"CATE[unit 239]",4,1000,1.3135448083632,1.00429340552351,1265.68959325339,0.316422398313348,0.0236995726129214,1.48693169174461,"Linear DGP C (Tweedie)",2
"CATE[unit 197]",4,1000,1.74382360098649,1.00692762990017,1503.22792087367,0.375806980218418,0.0269151741204126,1.51135139188634,"Linear DGP C (Tweedie)",2
"CATE[unit 256]",4,1000,2.5617804277828,1.00246488629346,1548.08964896629,0.387022412241571,0.0296687400980604,1.10890682348701,"Linear DGP C (Tweedie)",2
"CATE[unit 388]",4,1000,3.69741923518755,1.00236080109165,1288.65246820852,0.32216311705213,0.0458223099585909,4.9087394700812,"Linear DGP C (Tweedie)",2
"CATE[unit 327]",4,1000,5.19865063824402,1.00223435607343,1414.0310351992,0.353507758799801,0.0615788936855535,2.28442168575453,"Linear DGP C (Tweedie)",2
"CATE[unit 369]",4,1000,8.21677040707984,1.00438623074251,1541.67734563907,0.385419336409769,0.0886614471980734,2.21222589505795,"Linear DGP C (Tweedie)",2
"CATE[unit 99]",4,1000,29.2345476345338,1.00264029926756,1667.98897609738,0.416997244024345,0.416013463275002,2.01904365584261,"Linear DGP C (Tweedie)",2
"ATE (response scale)",4,1000,3.89647846053256,1.0046827875033,1255.06515825909,0.313766289564772,0.0226660733088009,1.68206505251391,"Linear DGP C (Tweedie)",3
"Hurdle ATE (probability)",4,1000,0.0330873336065421,1.00744898797013,439.297855412979,0.109824463853245,0.0012326357929832,1.84920931170091,"Linear DGP C (Tweedie)",3
"Duan smearing factor",4,1000,1.45829998943973,1.0001159081017,3672.55712039053,0.918139280097633,0.001122701486793,0.989517000354187,"Linear DGP C (Tweedie)",3
"sigma_c (log-scale SD)",4,1000,0.955024870736375,1.00535517863324,2291.44619030719,0.572861547576798,0.000732078964900283,3.10053147315681,"Linear DGP C (Tweedie)",3
"Mean mu_b (hurdle prognostic)",4,1000,1.43347121783012,1.02270475293448,249.13479297275,0.0622836982431874,0.0090085943663365,2.45061236606755,"Linear DGP C (Tweedie)",3
"Mean tau_b (hurdle treatment)",4,1000,0.292178066617765,1.01498472532602,252.371151024588,0.0630927877561471,0.0136941411506142,1.83740115094897,"Linear DGP C (Tweedie)",3
"Mean mu_c (log-scale prognostic)",4,1000,0.884439034297292,1.00171733916442,1215.37741834432,0.303844354586081,0.00186597472724231,0.979479596155781,"Linear DGP C (Tweedie)",3
"Mean tau_c (log-scale treatment)",4,1000,0.512737453912049,1.00251881850066,1237.6446324189,0.309411158104726,0.00285391289510087,0.68497091304998,"Linear DGP C (Tweedie)",3
"CATE[unit 473]",4,1000,0.151843802497979,1.00742866652774,1345.01052597678,0.336252631494196,0.00378667757715313,2.75107466248912,"Linear DGP C (Tweedie)",3
"CATE[unit 73]",4,1000,0.699464070289689,1.02952654444278,1363.92042053668,0.34098010513417,0.0161744447710526,1.54392221014091,"Linear DGP C (Tweedie)",3
"CATE[unit 221]",4,1000,1.04964175252438,1.00287837413055,1410.88460467978,0.352721151169945,0.0134913831503991,2.26523396027869,"Linear DGP C (Tweedie)",3
"CATE[unit 14]",4,1000,1.58627821475428,1.00322388904432,1704.16961252503,0.426042403131258,0.0170030916316716,0.637276897351579,"Linear DGP C (Tweedie)",3
"CATE[unit 180]",4,1000,1.97644038124504,1.0015438312496,1520.07309962546,0.380018274906366,0.0221135446630342,1.38744073597008,"Linear DGP C (Tweedie)",3
"CATE[unit 420]",4,1000,2.78206562987755,1.00516946195529,1638.38033029059,0.409595082572647,0.028366667898499,2.11837031188733,"Linear DGP C (Tweedie)",3
"CATE[unit 212]",4,1000,3.97146861544467,1.00362044010539,1523.2044759945,0.380801118998625,0.0458709212194845,3.24960495807418,"Linear DGP C (Tweedie)",3
"CATE[unit 55]",4,1000,5.23522963584516,1.00064006212789,1862.88717600206,0.465721794000514,0.0533204155772216,1.12212100993396,"Linear DGP C (Tweedie)",3
"CATE[unit 143]",4,1000,7.89873784477617,1.00333816350212,1413.70150060292,0.353425375150731,0.101284634238967,1.44301375045403,"Linear DGP C (Tweedie)",3
"CATE[unit 331]",4,1000,28.0822479435354,1.00535668414492,1678.21262638695,0.419553156596737,0.362480015899159,1.86324920200934,"Linear DGP C (Tweedie)",3
"ATE (response scale)",4,1000,3.38298155757181,1.00239950354419,820.198228196111,0.205049557049028,0.0268927222587252,1.96222281497549,"Linear DGP C (Tweedie)",4
"Hurdle ATE (probability)",4,1000,0.00557354590435158,1.00717473217822,467.804715440638,0.11695117886016,0.00111821742032073,1.06855016433523,"Linear DGP C (Tweedie)",4
"Duan smearing factor",4,1000,1.42064085522602,0.99963193443834,3511.00764766775,0.877751911916938,0.00109030022001973,2.02755898712591,"Linear DGP C (Tweedie)",4
"sigma_c (log-scale SD)",4,1000,0.935250808215592,1.00393891858668,1641.14478651388,0.410286196628469,0.000855236087055666,3.10267050119043,"Linear DGP C (Tweedie)",4
"Mean mu_b (hurdle prognostic)",4,1000,1.53248175421434,1.02655429401183,266.485183005735,0.0666212957514337,0.00880459823444074,1.65963317208662,"Linear DGP C (Tweedie)",4
"Mean tau_b (hurdle treatment)",4,1000,0.048484445854562,1.00768005605133,426.706556146535,0.106676639036634,0.00802871538906298,1.28098845955357,"Linear DGP C (Tweedie)",4
"Mean mu_c (log-scale prognostic)",4,1000,0.977017000757119,0.999710910554178,1087.35099639282,0.271837749098206,0.00204676918671098,1.01226995177644,"Linear DGP C (Tweedie)",4
"Mean tau_c (log-scale treatment)",4,1000,0.461728748776238,1.00059074236507,995.075444528768,0.248768861132192,0.00325541465707154,0.692733469350865,"Linear DGP C (Tweedie)",4
"CATE[unit 432]",4,1000,0.0875940079248398,1.00496080488987,1186.61811701797,0.296654529254493,0.00353468104750667,2.34364762620717,"Linear DGP C (Tweedie)",4
"CATE[unit 283]",4,1000,0.583577998530517,1.00250341699804,1751.217771814,0.437804442953501,0.00879768899531841,1.30809976029813,"Linear DGP C (Tweedie)",4
"CATE[unit 109]",4,1000,0.926805387347795,1.00630354840077,1261.84316633284,0.315460791583209,0.0221197919540524,2.27553055655408,"Linear DGP C (Tweedie)",4
"CATE[unit 316]",4,1000,1.32977219687771,1.0034062729556,1947.32486502651,0.486831216256627,0.0181302645174211,1.09802341875924,"Linear DGP C (Tweedie)",4
"CATE[unit 414]",4,1000,1.70449550368846,1.0009176849086,1780.52890078642,0.445132225196605,0.0212547882704267,0.692205183606354,"Linear DGP C (Tweedie)",4
"CATE[unit 82]",4,1000,2.44094785342985,1.00124462857921,1549.21894318313,0.387304735795782,0.0316360133175565,1.99766918795107,"Linear DGP C (Tweedie)",4
"CATE[unit 345]",4,1000,3.23000520745229,1.0020712533401,1636.08452754362,0.409021131885905,0.0459068150265329,2.42090783011496,"Linear DGP C (Tweedie)",4
"CATE[unit 408]",4,1000,4.68273854182621,1.00045632800222,1541.57794258649,0.385394485646624,0.0629428342984731,0.604682633573335,"Linear DGP C (Tweedie)",4
"CATE[unit 153]",4,1000,7.08293199991095,1.0024047956624,1264.43030171851,0.316107575429627,0.0978862103365818,1.27507974263391,"Linear DGP C (Tweedie)",4
"CATE[unit 182]",4,1000,25.5038649035908,1.00158339114272,1290.14178196234,0.322535445490586,0.388364332960403,2.62486939063796,"Linear DGP C (Tweedie)",4
"ATE (response scale)",4,1000,2.85539889563933,1.01004715554196,867.16188369791,0.216790470924478,0.033415087642135,2.20709328844452,"Linear DGP C (Tweedie)",5
"Hurdle ATE (probability)",4,1000,0.0135129491200227,1.01549208816317,408.218303503103,0.102054575875776,0.00118396672052381,1.94240900823153,"Linear DGP C (Tweedie)",5
"Duan smearing factor",4,1000,1.43799828012554,0.999977762133256,3639.8755847195,0.909968896179874,0.00110863794761552,1.42844034620893,"Linear DGP C (Tweedie)",5
"sigma_c (log-scale SD)",4,1000,0.93861792573387,1.00374148427325,1909.49848060617,0.477374620151544,0.000805685821988572,2.58246910433381,"Linear DGP C (Tweedie)",5
"Mean mu_b (hurdle prognostic)",4,1000,1.5810614434156,1.11777108805856,203.271554752674,0.0508178886881685,0.0113796703388656,4.07506126750753,"Linear DGP C (Tweedie)",5
"Mean tau_b (hurdle treatment)",4,1000,0.121987799357268,1.01490187580608,333.948267926756,0.083487066981689,0.0105429592545796,1.67676434627272,"Linear DGP C (Tweedie)",5
"Mean mu_c (log-scale prognostic)",4,1000,0.967948256975507,1.00358603324202,1145.81048057397,0.286452620143492,0.00190894084561694,2.31528531907771,"Linear DGP C (Tweedie)",5
"Mean tau_c (log-scale treatment)",4,1000,0.30475516655107,1.00410268027389,1174.89450029789,0.293723625074472,0.00296895312402689,1.5539000655601,"Linear DGP C (Tweedie)",5
"CATE[unit 128]",4,1000,0.0291823195300841,1.00938915670536,1042.88649791671,0.260721624479179,0.00217742520083122,1.27175481476753,"Linear DGP C (Tweedie)",5
"CATE[unit 184]",4,1000,0.270051509057596,1.00377008192888,1633.63287186501,0.408408217966253,0.00610536909964276,1.15051056060197,"Linear DGP C (Tweedie)",5
"CATE[unit 203]",4,1000,0.444994540839268,1.00645383384164,1051.36406908795,0.262841017271986,0.0208805267330361,1.74126568347947,"Linear DGP C (Tweedie)",5
"CATE[unit 286]",4,1000,0.757312717537185,1.00390936948551,915.937495332634,0.228984373833159,0.0356838723189482,1.87615319624103,"Linear DGP C (Tweedie)",5
"CATE[unit 352]",4,1000,1.09056009174417,1.00466135783337,1328.02458619836,0.33200614654959,0.0190379211761405,1.90399411293637,"Linear DGP C (Tweedie)",5
"CATE[unit 139]",4,1000,1.59232339109522,1.00373314511112,1544.44649516619,0.386111623791548,0.033767407314341,1.66474533088184,"Linear DGP C (Tweedie)",5
"CATE[unit 271]",4,1000,2.34025992312717,1.00426336745705,1789.37174891227,0.447342937228069,0.0415520209746365,2.31450805334238,"Linear DGP C (Tweedie)",5
"CATE[unit 236]",4,1000,3.60015861748975,1.00197962287031,1462.13172416625,0.365532931041564,0.0646432359253617,1.35795630812231,"Linear DGP C (Tweedie)",5
"CATE[unit 116]",4,1000,6.70766090906348,1.01364211252064,1474.14077389619,0.368535193474048,0.118455902667016,2.68545340681904,"Linear DGP C (Tweedie)",5
"CATE[unit 267]",4,1000,35.9364688473311,1.00464016158384,1402.09823787381,0.350524559468452,0.758732655707982,2.02593078360701,"Linear DGP C (Tweedie)",5
"ATE (response scale)",4,1000,1.12239868310668,1.01814849012909,860.144985685178,0.215036246421294,0.0182159540430115,1.43747062675419,"Nonlinear DGP A (log-normal hurdle)",1
"Hurdle ATE (probability)",4,1000,0.018032191265937,1.00361633320506,908.535701751111,0.227133925437778,0.00122451536349176,1.025614617373,"Nonlinear DGP A (log-normal hurdle)",1
"Duan smearing factor",4,1000,1.08949659705699,1.03080519844314,1039.54924723734,0.259887311809335,0.000891717265175736,7.05557414720885,"Nonlinear DGP A (log-normal hurdle)",1
"sigma_c (log-scale SD)",4,1000,0.415363828426758,1.13122208237824,197.268944073931,0.0493172360184827,0.00215892188746143,3.60134740968338,"Nonlinear DGP A (log-normal hurdle)",1
"Mean mu_b (hurdle prognostic)",4,1000,0.303381116231557,1.00386370165983,778.065152412328,0.194516288103082,0.00292091187849308,1.34955475358944,"Nonlinear DGP A (log-normal hurdle)",1
"Mean tau_b (hurdle treatment)",4,1000,0.0569473821143708,1.00351004102699,901.113051936041,0.22527826298401,0.00387330341392959,1.00234040736562,"Nonlinear DGP A (log-normal hurdle)",1
"Mean mu_c (log-scale prognostic)",4,1000,1.57335174943873,1.02799170426813,604.868002215706,0.151217000553927,0.00168591064255836,1.29078058671059,"Nonlinear DGP A (log-normal hurdle)",1
"Mean tau_c (log-scale treatment)",4,1000,0.195165677275792,1.04191079464219,540.724989396741,0.135181247349185,0.00305977991450168,0.794774632529517,"Nonlinear DGP A (log-normal hurdle)",1
"CATE[unit 467]",4,1000,0.108875079990129,1.00949830228174,997.625131521471,0.249406282880368,0.00489744972833442,3.36569617783924,"Nonlinear DGP A (log-normal hurdle)",1
"CATE[unit 498]",4,1000,0.332136164486627,1.00935171815675,1332.21806036155,0.333054515090387,0.00743273412552001,3.07690997976076,"Nonlinear DGP A (log-normal hurdle)",1
"CATE[unit 476]",4,1000,0.430002659426642,1.01979389396967,1065.97860461043,0.266494651152608,0.0118175786123524,1.10297117525164,"Nonlinear DGP A (log-normal hurdle)",1
"CATE[unit 13]",4,1000,0.518296300220436,1.01484674835583,833.461993767213,0.208365498441803,0.0103751123933309,0.419120125003375,"Nonlinear DGP A (log-normal hurdle)",1
"CATE[unit 121]",4,1000,0.64863629679501,1.01663489850979,835.525852624105,0.208881463156026,0.0159926638256436,2.16474499981477,"Nonlinear DGP A (log-normal hurdle)",1
"CATE[unit 41]",4,1000,0.783097340146285,1.00572655762467,940.582403776623,0.235145600944156,0.0161065322821001,0.9351886494883,"Nonlinear DGP A (log-normal hurdle)",1
"CATE[unit 395]",4,1000,0.954232809897044,1.01204755679209,1038.87435738745,0.259718589346863,0.0193062546525517,2.5833178781044,"Nonlinear DGP A (log-normal hurdle)",1
"CATE[unit 331]",4,1000,1.47818898383007,1.00345698136683,1018.16055675501,0.254540139188752,0.03313543626667,1.36095437856678,"Nonlinear DGP A (log-normal hurdle)",1
"CATE[unit 166]",4,1000,2.07514890010087,1.00768051533343,1022.60281709959,0.255650704274896,0.0476751317201365,1.57470498290007,"Nonlinear DGP A (log-normal hurdle)",1
"CATE[unit 425]",4,1000,8.2177968677263,1.00813211908109,1163.69412665795,0.290923531664486,0.23460571408194,1.40386902459204,"Nonlinear DGP A (log-normal hurdle)",1
"ATE (response scale)",4,1000,0.720110317238206,1.005718472055,905.547849028695,0.226386962257174,0.0165612068581154,2.15576487745461,"Nonlinear DGP A (log-normal hurdle)",2
"Hurdle ATE (probability)",4,1000,0.00323132137248907,1.0022940635735,967.516489671278,0.241879122417819,0.0011728670899276,1.59001424554523,"Nonlinear DGP A (log-normal hurdle)",2
"Duan smearing factor",4,1000,1.11555150021921,1.00633581575876,2491.47369341211,0.622868423353028,0.000651713177205191,1.44199631502285,"Nonlinear DGP A (log-normal hurdle)",2
"sigma_c (log-scale SD)",4,1000,0.468906726528423,1.03655580329398,410.989821854323,0.102747455463581,0.0013836467264241,0.788463543734178,"Nonlinear DGP A (log-normal hurdle)",2
"Mean mu_b (hurdle prognostic)",4,1000,0.297154777320485,1.00171806289531,982.972055714163,0.245743013928541,0.00236267520723869,1.26139215080049,"Nonlinear DGP A (log-normal hurdle)",2
"Mean tau_b (hurdle treatment)",4,1000,0.00995968542146629,1.00248985082026,980.01158251284,0.24500289562821,0.00357151216950314,1.60702347484015,"Nonlinear DGP A (log-normal hurdle)",2
"Mean mu_c (log-scale prognostic)",4,1000,1.51319612154744,1.00612972904387,964.451663068103,0.241112915767026,0.00148031059761829,1.74041611447727,"Nonlinear DGP A (log-normal hurdle)",2
"Mean tau_c (log-scale treatment)",4,1000,0.139502221903321,1.0101814884431,774.914715394664,0.193728678848666,0.00268332227973964,2.82260531409056,"Nonlinear DGP A (log-normal hurdle)",2
"CATE[unit 295]",4,1000,0.0376814134701476,1.00662860280226,1283.96132927907,0.320990332319768,0.0021070389029318,3.2341250540511,"Nonlinear DGP A (log-normal hurdle)",2
"CATE[unit 339]",4,1000,0.168311990925955,1.00375323411109,1001.4454162345,0.250361354058626,0.00498197078281041,1.62506489221531,"Nonlinear DGP A (log-normal hurdle)",2
"CATE[unit 448]",4,1000,0.22641369527867,1.00226989050535,1445.65244364603,0.361413110911509,0.0108554646642786,2.37730706695645,"Nonlinear DGP A (log-normal hurdle)",2
"CATE[unit 176]",4,1000,0.3467170475823,1.0060857413286,1359.64878690927,0.339912196727318,0.00946049869512563,2.92210999164755,"Nonlinear DGP A (log-normal hurdle)",2
"CATE[unit 229]",4,1000,0.410908724273854,1.00796505797927,1333.81322641876,0.333453306604691,0.0107504908040315,1.91346308411718,"Nonlinear DGP A (log-normal hurdle)",2
"CATE[unit 330]",4,1000,0.474696231298492,1.0039483939987,923.755976162836,0.230938994040709,0.0127748971596312,1.15138796439059,"Nonlinear DGP A (log-normal hurdle)",2
"CATE[unit 32]",4,1000,0.680728353656365,1.02709393054272,902.540744062522,0.22563518601563,0.0219372438826104,3.49818995961083,"Nonlinear DGP A (log-normal hurdle)",2
"CATE[unit 18]",4,1000,0.870901042953169,1.01035246610787,1241.13252013607,0.310283130034017,0.0228058899944668,2.72068213565248,"Nonlinear DGP A (log-normal hurdle)",2
"CATE[unit 101]",4,1000,1.56644841455196,1.00361519719754,1058.1957884396,0.2645489471099,0.0503586258570381,0.916654079944462,"Nonlinear DGP A (log-normal hurdle)",2
"CATE[unit 381]",4,1000,5.70099781861641,1.01145548535349,1144.44635679382,0.286111589198454,0.156831728322289,3.34734955937249,"Nonlinear DGP A (log-normal hurdle)",2
"ATE (response scale)",4,1000,1.50875583944664,1.01074853302474,730.970918860096,0.182742729715024,0.0188787895039462,3.24977402219474,"Nonlinear DGP A (log-normal hurdle)",3
"Hurdle ATE (probability)",4,1000,0.0554325839423384,1.0175511730983,661.436521667215,0.165359130416804,0.00169744339357978,2.15185893209375,"Nonlinear DGP A (log-normal hurdle)",3
"Duan smearing factor",4,1000,1.12918647410875,1.01205523009953,1271.1562696444,0.3177890674111,0.000992863639798929,2.19017563507537,"Nonlinear DGP A (log-normal hurdle)",3
"sigma_c (log-scale SD)",4,1000,0.495841897720076,1.04871129559181,276.053225090184,0.069013306272546,0.00191376553526349,4.47854474631586,"Nonlinear DGP A (log-normal hurdle)",3
"Mean mu_b (hurdle prognostic)",4,1000,0.252353402716541,1.00794499766561,673.947233912773,0.168486808478193,0.00325596967025006,1.88419753804727,"Nonlinear DGP A (log-normal hurdle)",3
"Mean tau_b (hurdle treatment)",4,1000,0.168273293578512,1.01838426537055,638.92063875795,0.159730159689488,0.00523589179615398,2.23297184355099,"Nonlinear DGP A (log-normal hurdle)",3
"Mean mu_c (log-scale prognostic)",4,1000,1.39087611992843,1.0080872079702,676.879281976124,0.169219820494031,0.00192237700158624,1.6116239001704,"Nonlinear DGP A (log-normal hurdle)",3
"Mean tau_c (log-scale treatment)",4,1000,0.294444105864743,1.00840818928298,577.239035489582,0.144309758872395,0.00317679349647778,2.46192572921644,"Nonlinear DGP A (log-normal hurdle)",3
"CATE[unit 50]",4,1000,0.0793935694203528,1.02021814972526,601.686123373399,0.15042153084335,0.0345623571057515,0.979372114889207,"Nonlinear DGP A (log-normal hurdle)",3
"CATE[unit 469]",4,1000,0.683826440818072,1.01653159327964,469.231133512354,0.117307783378089,0.0698834920512305,0.656916979024224,"Nonlinear DGP A (log-normal hurdle)",3
"CATE[unit 3]",4,1000,0.689215616872112,1.00473752253746,513.769747839063,0.128442436959766,0.0374125058940103,2.60660446218945,"Nonlinear DGP A (log-normal hurdle)",3
"CATE[unit 256]",4,1000,0.76972211199744,1.01405342181111,716.296275768897,0.179074068942224,0.0167771071749828,2.21830578146128,"Nonlinear DGP A (log-normal hurdle)",3
"CATE[unit 87]",4,1000,1.011155190391,1.00580161227696,876.745471744591,0.219186367936148,0.0163954192065205,3.25188811875298,"Nonlinear DGP A (log-normal hurdle)",3
"CATE[unit 485]",4,1000,1.89353985282285,1.0092876805774,776.034821185696,0.194008705296424,0.150135104408447,1.08054508882497,"Nonlinear DGP A (log-normal hurdle)",3
"CATE[unit 179]",4,1000,1.48032119158189,1.0077447404137,750.301590689226,0.187575397672306,0.0274393168113537,1.65639271800939,"Nonlinear DGP A (log-normal hurdle)",3
"CATE[unit 402]",4,1000,1.8352561589158,1.02649129416901,773.071991780288,0.193267997945072,0.0336476966368235,2.72909842074793,"Nonlinear DGP A (log-normal hurdle)",3
"CATE[unit 387]",4,1000,2.76205643816593,1.01920589716282,980.130999781544,0.245032749945386,0.0428994782023619,2.99801529538389,"Nonlinear DGP A (log-normal hurdle)",3
"CATE[unit 378]",4,1000,10.2900447758308,1.00680203628217,943.270021181766,0.235817505295441,0.189864118053854,1.21021606602817,"Nonlinear DGP A (log-normal hurdle)",3
"ATE (response scale)",4,1000,1.53836697534613,1.0083996215808,549.333302156909,0.137333325539227,0.0241395655957734,0.770653411742469,"Nonlinear DGP A (log-normal hurdle)",4
"Hurdle ATE (probability)",4,1000,0.0533072932578059,1.00150360096101,606.735423505793,0.151683855876448,0.00182837136519327,1.06497647297515,"Nonlinear DGP A (log-normal hurdle)",4
"Duan smearing factor",4,1000,1.11000964922217,1.0053110134526,1378.63878063674,0.344659695159185,0.000868069013732062,6.65222866082297,"Nonlinear DGP A (log-normal hurdle)",4
"sigma_c (log-scale SD)",4,1000,0.456540734743467,1.02428783357209,281.600955019464,0.070400238754866,0.001851294299798,6.93810819588971,"Nonlinear DGP A (log-normal hurdle)",4
"Mean mu_b (hurdle prognostic)",4,1000,0.232167618052885,1.00450851792402,654.193753992501,0.163548438498125,0.00345783335499266,0.892742101747244,"Nonlinear DGP A (log-normal hurdle)",4
"Mean tau_b (hurdle treatment)",4,1000,0.163449410936004,1.00199554894504,591.333432828285,0.147833358207071,0.00564844841158631,1.43580528545528,"Nonlinear DGP A (log-normal hurdle)",4
"Mean mu_c (log-scale prognostic)",4,1000,1.49370452319861,1.00961269009356,581.218854078193,0.145304713519548,0.00208770131963584,1.16007163483883,"Nonlinear DGP A (log-normal hurdle)",4
"Mean tau_c (log-scale treatment)",4,1000,0.208176202560573,1.00716531573938,549.462958650439,0.13736573966261,0.00320505371744344,1.11946575784807,"Nonlinear DGP A (log-normal hurdle)",4
"CATE[unit 44]",4,1000,0.117058245135124,1.01162958173856,1060.51398052255,0.265128495130637,0.00329988292006576,3.92140248142686,"Nonlinear DGP A (log-normal hurdle)",4
"CATE[unit 170]",4,1000,0.360862412408186,1.00831078431272,857.278547322402,0.2143196368306,0.0107040085812207,3.2053422418553,"Nonlinear DGP A (log-normal hurdle)",4
"CATE[unit 426]",4,1000,0.51288550969973,1.0068470864506,665.478751307777,0.166369687826944,0.0187839253445597,1.48217940602886,"Nonlinear DGP A (log-normal hurdle)",4
"CATE[unit 213]",4,1000,0.620858024852193,1.00497716332841,1273.90420709382,0.318476051773454,0.0149261152327424,1.71481045344905,"Nonlinear DGP A (log-normal hurdle)",4
"CATE[unit 370]",4,1000,0.861239334966198,1.01135361877748,989.440687267509,0.247360171816877,0.0205872729563637,1.07946992889096,"Nonlinear DGP A (log-normal hurdle)",4
"CATE[unit 317]",4,1000,1.10615666997169,1.00668844838177,685.269676321232,0.171317419080308,0.0282994804802953,1.42442174946915,"Nonlinear DGP A (log-normal hurdle)",4
"CATE[unit 241]",4,1000,1.36364335695878,1.0112661218909,625.666880791559,0.15641672019789,0.0299999098188499,1.38682983015606,"Nonlinear DGP A (log-normal hurdle)",4
"CATE[unit 119]",4,1000,2.1314677825769,1.00886117433362,764.960820664211,0.191240205166053,0.05419133544029,3.86186479329323,"Nonlinear DGP A (log-normal hurdle)",4
"CATE[unit 399]",4,1000,3.2414975606245,1.00917028442316,927.721483693646,0.231930370923411,0.0987593541861383,2.24931757913067,"Nonlinear DGP A (log-normal hurdle)",4
"CATE[unit 413]",4,1000,12.6508885414131,1.02482892109,583.140969941009,0.145785242485252,0.299963959214261,1.64818596703292,"Nonlinear DGP A (log-normal hurdle)",4
"ATE (response scale)",4,1000,2.11993205838628,1.00765367388141,486.327925499966,0.121581981374992,0.0273513510742518,1.94274482216225,"Nonlinear DGP A (log-normal hurdle)",5
"Hurdle ATE (probability)",4,1000,0.0828869236333588,1.0078451495828,489.990547625802,0.12249763690645,0.00196067791514696,0.468024260966126,"Nonlinear DGP A (log-normal hurdle)",5
"Duan smearing factor",4,1000,1.12079725007445,1.01700911838206,892.889471892469,0.223222367973117,0.00113268706930084,2.68101077313934,"Nonlinear DGP A (log-normal hurdle)",5
"sigma_c (log-scale SD)",4,1000,0.481810979764054,1.07697459727273,159.058568776424,0.039764642194106,0.00261390059402292,3.90376028173633,"Nonlinear DGP A (log-normal hurdle)",5
"Mean mu_b (hurdle prognostic)",4,1000,0.247160145975296,1.00787391615291,595.166798972248,0.148791699743062,0.00369437828817257,0.41819656988374,"Nonlinear DGP A (log-normal hurdle)",5
"Mean tau_b (hurdle treatment)",4,1000,0.294367527465798,1.01165218123058,447.157621973109,0.111789405493277,0.00728035885950153,0.653466934432399,"Nonlinear DGP A (log-normal hurdle)",5
"Mean mu_c (log-scale prognostic)",4,1000,1.46656045928946,1.01018609472481,913.283179642576,0.228320794910644,0.00157655260272794,1.65686192933701,"Nonlinear DGP A (log-normal hurdle)",5
"Mean tau_c (log-scale treatment)",4,1000,0.263705085445818,1.01853867644419,717.355943531204,0.179338985882801,0.002770634973658,2.17049005164165,"Nonlinear DGP A (log-normal hurdle)",5
"CATE[unit 492]",4,1000,0.0653506576373516,1.02186013210418,582.473001635103,0.145618250408776,0.00876341327295469,4.68952482621056,"Nonlinear DGP A (log-normal hurdle)",5
"CATE[unit 76]",4,1000,0.4810875865718,1.01303476944622,811.763257742835,0.202940814435709,0.0101353546473539,1.2130004662545,"Nonlinear DGP A (log-normal hurdle)",5
"CATE[unit 89]",4,1000,0.65784093645135,1.01572173299186,830.516483259072,0.207629120814768,0.02014566767148,4.27453106111086,"Nonlinear DGP A (log-normal hurdle)",5
"CATE[unit 455]",4,1000,0.873361418551255,1.00919667491183,792.055554863735,0.198013888715934,0.022242294218508,3.22089615317427,"Nonlinear DGP A (log-normal hurdle)",5
"CATE[unit 59]",4,1000,1.16093003370926,1.01002412371538,760.646518622796,0.190161629655699,0.018967746945963,1.69373349772529,"Nonlinear DGP A (log-normal hurdle)",5
"CATE[unit 321]",4,1000,1.65361071922281,1.05126233281478,395.986749581922,0.0989966873954804,0.0510906308410233,4.28049205747683,"Nonlinear DGP A (log-normal hurdle)",5
"CATE[unit 77]",4,1000,1.94017534398284,1.0065299577716,545.040539416799,0.1362601348542,0.0564839696680028,1.76335193507334,"Nonlinear DGP A (log-normal hurdle)",5
"CATE[unit 392]",4,1000,3.12773361564062,1.07362261530749,438.548959140388,0.109637239785097,0.0979061362197556,4.987217960787,"Nonlinear DGP A (log-normal hurdle)",5
"CATE[unit 238]",4,1000,4.29284963619273,1.01586075932496,913.020937317943,0.228255234329486,0.112070255611777,2.79018164558198,"Nonlinear DGP A (log-normal hurdle)",5
"CATE[unit 240]",4,1000,19.7694475921661,1.00921934776666,824.516253756463,0.206129063439116,0.387201768210949,3.24308321396006,"Nonlinear DGP A (log-normal hurdle)",5
"ATE (response scale)",4,1000,2.05324633193893,1.00100700869613,1130.13329359473,0.282533323398683,0.0222668797211061,0.815634162529912,"Nonlinear DGP B (Gamma hurdle)",1
"Hurdle ATE (probability)",4,1000,0.0195219366262596,1.00266953900982,800.387374638045,0.200096843659511,0.00136176492308317,2.30957770829592,"Nonlinear DGP B (Gamma hurdle)",1
"Duan smearing factor",4,1000,1.30227815300186,1.00102052635643,2962.07807800053,0.740519519500133,0.00113382343308988,1.15544945079314,"Nonlinear DGP B (Gamma hurdle)",1
"sigma_c (log-scale SD)",4,1000,0.758494029428625,1.00762187438016,1145.57188879455,0.286392972198638,0.00114332661447338,1.36822731997283,"Nonlinear DGP B (Gamma hurdle)",1
"Mean mu_b (hurdle prognostic)",4,1000,0.300977666007127,1.00832740076214,755.596603627062,0.188899150906765,0.00297862816089027,1.91438626677583,"Nonlinear DGP B (Gamma hurdle)",1
"Mean tau_b (hurdle treatment)",4,1000,0.0614150965501252,1.00255946470624,780.361577269825,0.195090394317456,0.00435868942566579,2.22628903286052,"Nonlinear DGP B (Gamma hurdle)",1
"Mean mu_c (log-scale prognostic)",4,1000,1.24244781222878,1.00102454961965,1298.04368190786,0.324510920476965,0.00184858099546876,1.85298196808316,"Nonlinear DGP B (Gamma hurdle)",1
"Mean tau_c (log-scale treatment)",4,1000,0.373059415048096,1.00235911865983,1143.67659416298,0.285919148540744,0.00323528690794818,1.68923169075772,"Nonlinear DGP B (Gamma hurdle)",1
"CATE[unit 304]",4,1000,0.0980085698546277,1.01097171483301,1134.11770692153,0.283529426730382,0.00392235097503026,3.03200808825684,"Nonlinear DGP B (Gamma hurdle)",1
"CATE[unit 386]",4,1000,0.571038560244223,1.00550299817278,1655.84863991043,0.413962159977607,0.009465682222683,0.60203065015541,"Nonlinear DGP B (Gamma hurdle)",1
"CATE[unit 376]",4,1000,0.729019522880673,1.00814902105364,1576.3615840948,0.394090396023701,0.0120622372629124,1.62626586174622,"Nonlinear DGP B (Gamma hurdle)",1
"CATE[unit 372]",4,1000,0.972526898543641,1.00330007899479,1346.55559388691,0.336638898471727,0.0190536303292021,0.887480806506808,"Nonlinear DGP B (Gamma hurdle)",1
"CATE[unit 49]",4,1000,1.1320462021926,1.01163794120936,1005.25981620778,0.251314954051944,0.0240779272288648,1.19455249572611,"Nonlinear DGP B (Gamma hurdle)",1
"CATE[unit 149]",4,1000,1.50951089510322,1.00204617359332,1528.18398630918,0.382045996577296,0.0325454786985956,2.51116941995339,"Nonlinear DGP B (Gamma hurdle)",1
"CATE[unit 30]",4,1000,1.84121764246911,1.0038147982743,1382.98131742358,0.345745329355895,0.0314159728938786,0.371465086537746,"Nonlinear DGP B (Gamma hurdle)",1
"CATE[unit 251]",4,1000,2.37952238983436,1.01463229717201,987.458580732031,0.246864645183008,0.0437428292546469,1.7087566494346,"Nonlinear DGP B (Gamma hurdle)",1
"CATE[unit 178]",4,1000,3.83859619503004,1.00472665881793,1636.03163157506,0.409007907893766,0.0545898560830527,2.22413125918642,"Nonlinear DGP B (Gamma hurdle)",1
"CATE[unit 336]",4,1000,23.1231999119389,1.00418559635112,1548.21817167609,0.387054542919024,0.438955247519164,0.558402240730499,"Nonlinear DGP B (Gamma hurdle)",1
"ATE (response scale)",4,1000,0.244304847529367,1.00058263275677,1315.73376510931,0.328933441277328,0.0136957953418967,2.91445557415674,"Nonlinear DGP B (Gamma hurdle)",2
"Hurdle ATE (probability)",4,1000,0.00307537214125382,1.00071237406757,871.489343596263,0.217872335899066,0.00129295459352485,1.00153525364365,"Nonlinear DGP B (Gamma hurdle)",2
"Duan smearing factor",4,1000,1.35575520149007,1.0003153081562,1817.88414409145,0.454471036022862,0.00162787994464972,3.50577849413624,"Nonlinear DGP B (Gamma hurdle)",2
"sigma_c (log-scale SD)",4,1000,0.808981585614709,1.00557498447147,603.302330149382,0.150825582537345,0.00176405830452317,3.57952387245334,"Nonlinear DGP B (Gamma hurdle)",2
"Mean mu_b (hurdle prognostic)",4,1000,0.298063364529944,1.00098641677491,863.994144266473,0.215998536066618,0.00268247647116097,1.76230929716191,"Nonlinear DGP B (Gamma hurdle)",2
"Mean tau_b (hurdle treatment)",4,1000,0.00947032819248945,1.00068975054049,865.663164412189,0.216415791103047,0.00397043275955412,1.01159862200952,"Nonlinear DGP B (Gamma hurdle)",2
"Mean mu_c (log-scale prognostic)",4,1000,1.28608930401,0.999733816483562,1709.53525940243,0.427383814850606,0.00160589267679399,3.20282270764002,"Nonlinear DGP B (Gamma hurdle)",2
"Mean tau_c (log-scale treatment)",4,1000,0.0442920805672697,1.00064608672524,1393.24547976227,0.348311369940568,0.00249202251607557,4.2029226953452,"Nonlinear DGP B (Gamma hurdle)",2
"CATE[unit 143]",4,1000,-0.0666916477275844,1.00441525579366,1454.2710158107,0.363567753952675,0.0278903644945819,1.86746027471416,"Nonlinear DGP B (Gamma hurdle)",2
"CATE[unit 169]",4,1000,0.0332210388844604,1.00827663790552,1899.41361064445,0.474853402661113,0.00859494744502122,2.26573438394393,"Nonlinear DGP B (Gamma hurdle)",2
"CATE[unit 468]",4,1000,0.0407869883458818,1.00588154858092,1888.4005994738,0.472100149868451,0.010162947732358,1.79733442421396,"Nonlinear DGP B (Gamma hurdle)",2
"CATE[unit 244]",4,1000,0.0714153325123686,1.00443121803738,1651.07307920152,0.412768269800379,0.0151734236157455,2.22060878082396,"Nonlinear DGP B (Gamma hurdle)",2
"CATE[unit 165]",4,1000,0.153715265120696,1.00389914958584,1388.9320212014,0.347233005300349,0.00919572020000111,1.60122814629465,"Nonlinear DGP B (Gamma hurdle)",2
"CATE[unit 454]",4,1000,0.165673500480961,1.00774445665317,1304.77709627308,0.326194274068269,0.0264916030525305,1.8765077244748,"Nonlinear DGP B (Gamma hurdle)",2
"CATE[unit 471]",4,1000,0.22167640758433,1.00327596207198,1618.43699210392,0.404609248025981,0.0228338501052948,2.33907920587655,"Nonlinear DGP B (Gamma hurdle)",2
"CATE[unit 396]",4,1000,0.278914812831958,1.00509001773314,1606.62147225597,0.401655368063992,0.0318312110611016,2.06918206950442,"Nonlinear DGP B (Gamma hurdle)",2
"CATE[unit 13]",4,1000,0.527940935765152,1.00696489098466,1714.40693539965,0.428601733849913,0.0378709686377665,1.74156679930465,"Nonlinear DGP B (Gamma hurdle)",2
"CATE[unit 235]",4,1000,1.58345770405521,1.00292495664513,1475.61168682773,0.368902921706933,0.084862196829287,1.20662648994093,"Nonlinear DGP B (Gamma hurdle)",2
"ATE (response scale)",4,1000,2.03215343896926,1.00087826972216,1132.03467512783,0.283008668781956,0.0171483081183832,0.986683889400128,"Nonlinear DGP B (Gamma hurdle)",3
"Hurdle ATE (probability)",4,1000,0.054122124653235,1.01444986139761,865.486044430416,0.216371511107604,0.00144402676925893,1.27001669110902,"Nonlinear DGP B (Gamma hurdle)",3
"Duan smearing factor",4,1000,1.33445369621316,1.00102117788346,3141.81659524889,0.785454148812222,0.00118662289744219,1.70234295039661,"Nonlinear DGP B (Gamma hurdle)",3
"sigma_c (log-scale SD)",4,1000,0.799992065984133,1.00900535696213,756.060761490903,0.189015190372726,0.00149910685317016,2.16312416461272,"Nonlinear DGP B (Gamma hurdle)",3
"Mean mu_b (hurdle prognostic)",4,1000,0.254350820828669,1.01159190838488,798.215772730982,0.199553943182746,0.00292326166779965,1.19109800072372,"Nonlinear DGP B (Gamma hurdle)",3
"Mean tau_b (hurdle treatment)",4,1000,0.165589557258243,1.01503527760848,853.992055454059,0.213498013863515,0.0044448117355961,1.31789350940149,"Nonlinear DGP B (Gamma hurdle)",3
"Mean mu_c (log-scale prognostic)",4,1000,1.0805457396634,1.00318010325366,1113.88779604545,0.278471949011362,0.00222636889021441,2.14059684723274,"Nonlinear DGP B (Gamma hurdle)",3
"Mean tau_c (log-scale treatment)",4,1000,0.395415506696754,1.00155847274806,1025.67604149089,0.256419010372722,0.00344913416706178,1.74057031079142,"Nonlinear DGP B (Gamma hurdle)",3
"CATE[unit 351]",4,1000,0.169341852868009,1.00682970464773,851.033197755269,0.212758299438817,0.00912024651266248,2.24415961883323,"Nonlinear DGP B (Gamma hurdle)",3
"CATE[unit 415]",4,1000,0.557529351420489,1.00136161439175,2177.58657118346,0.544396642795865,0.0119050275907462,1.43165223254893,"Nonlinear DGP B (Gamma hurdle)",3
"CATE[unit 327]",4,1000,0.774421536846511,1.00530748588364,1904.74111132442,0.476185277831105,0.0136294868405782,2.21170116434871,"Nonlinear DGP B (Gamma hurdle)",3
"CATE[unit 270]",4,1000,1.05101913716226,1.00309604844063,1590.02972065959,0.397507430164897,0.0135453607879449,0.803588032502386,"Nonlinear DGP B (Gamma hurdle)",3
"CATE[unit 167]",4,1000,1.31986597167845,1.00329208866817,1520.7980129262,0.38019950323155,0.0225755789906726,0.265960751751478,"Nonlinear DGP B (Gamma hurdle)",3
"CATE[unit 97]",4,1000,1.59699703754348,1.00353207144699,1590.79719219256,0.39769929804814,0.02889043680701,1.75145804420133,"Nonlinear DGP B (Gamma hurdle)",3
"CATE[unit 363]",4,1000,2.19157475917631,1.01002887887335,1740.47616863954,0.435119042159886,0.038188828863933,1.85797968788374,"Nonlinear DGP B (Gamma hurdle)",3
"CATE[unit 255]",4,1000,2.68049831476218,1.00434831905357,1660.4201137234,0.415105028430851,0.0380104641292124,2.02691613305972,"Nonlinear DGP B (Gamma hurdle)",3
"CATE[unit 198]",4,1000,4.13826858934408,1.00764074771392,1718.18062413781,0.429545156034452,0.0846240492440888,1.14049514375872,"Nonlinear DGP B (Gamma hurdle)",3
"CATE[unit 204]",4,1000,12.9942932402844,1.00650550423638,1406.54811833538,0.351637029583846,0.216057223200033,1.73215006580915,"Nonlinear DGP B (Gamma hurdle)",3
"ATE (response scale)",4,1000,1.0319755201977,1.00465268499038,905.225756239503,0.226306439059876,0.0225214671343903,1.60403517812646,"Nonlinear DGP B (Gamma hurdle)",4
"Hurdle ATE (probability)",4,1000,0.0511808172136745,1.00503994115985,657.245060649259,0.164311265162315,0.00173862375532386,1.52005736700133,"Nonlinear DGP B (Gamma hurdle)",4
"Duan smearing factor",4,1000,1.44339909825366,1.00177071381556,2968.80080707085,0.742200201767712,0.00151374893102111,1.48407005354123,"Nonlinear DGP B (Gamma hurdle)",4
"sigma_c (log-scale SD)",4,1000,0.904025771227607,1.01154134086672,1030.44189110377,0.257610472775943,0.00141373089050013,2.99021895703725,"Nonlinear DGP B (Gamma hurdle)",4
"Mean mu_b (hurdle prognostic)",4,1000,0.230447008016534,1.00507053393661,718.93001475459,0.179732503688648,0.00321907533818605,1.54693062687239,"Nonlinear DGP B (Gamma hurdle)",4
"Mean tau_b (hurdle treatment)",4,1000,0.155611611333921,1.00440509377807,597.164013606841,0.14929100340171,0.00548198904069998,1.57902720495574,"Nonlinear DGP B (Gamma hurdle)",4
"Mean mu_c (log-scale prognostic)",4,1000,1.32543135337841,1.00042777487042,1256.70142616764,0.314175356541909,0.00219793258359655,1.27422450066279,"Nonlinear DGP B (Gamma hurdle)",4
"Mean tau_c (log-scale treatment)",4,1000,0.116508088565559,1.00151087892908,1135.04096687738,0.283760241719345,0.00334842287893422,1.46340970045774,"Nonlinear DGP B (Gamma hurdle)",4
"CATE[unit 428]",4,1000,0.0776626790275873,1.01033919792015,1761.95078657404,0.44048769664351,0.00300974076478476,2.04840035970269,"Nonlinear DGP B (Gamma hurdle)",4
"CATE[unit 121]",4,1000,0.279998988309057,1.00274171399129,1528.57933610363,0.382144834025907,0.0114590181213067,1.11305706684466,"Nonlinear DGP B (Gamma hurdle)",4
"CATE[unit 448]",4,1000,0.39021178715426,1.00249326258494,1454.09623580737,0.363524058951843,0.0128306606239946,1.09862476805976,"Nonlinear DGP B (Gamma hurdle)",4
"CATE[unit 89]",4,1000,0.52624421696218,1.00594295763601,1254.28992645167,0.313572481612918,0.0143380249623869,4.13142321621811,"Nonlinear DGP B (Gamma hurdle)",4
"CATE[unit 323]",4,1000,0.588019927763502,1.00289651382599,1251.65865599863,0.312914663999657,0.0173398628486171,1.58742036298446,"Nonlinear DGP B (Gamma hurdle)",4
"CATE[unit 181]",4,1000,0.803442033369314,1.00969004970488,1129.43832574009,0.282359581435023,0.0240094852010484,1.66974874325472,"Nonlinear DGP B (Gamma hurdle)",4
"CATE[unit 174]",4,1000,1.21696511688387,1.01297607553217,1295.89810498416,0.323974526246039,0.0444493990042099,2.41629950935424,"Nonlinear DGP B (Gamma hurdle)",4
"CATE[unit 321]",4,1000,1.57798947024435,1.00473136114039,1324.6125851769,0.331153146294226,0.0380176727936879,0.515137465677214,"Nonlinear DGP B (Gamma hurdle)",4
"CATE[unit 147]",4,1000,2.17725905775538,1.00491707793649,1231.81477932827,0.307953694832066,0.0538857171951448,1.00266578100744,"Nonlinear DGP B (Gamma hurdle)",4
"CATE[unit 167]",4,1000,7.64948277475627,1.00993898162403,1264.09627162672,0.316024067906681,0.227569798481847,3.76385639751607,"Nonlinear DGP B (Gamma hurdle)",4
"ATE (response scale)",4,1000,2.02739292532324,1.00812925341766,715.44870340593,0.178862175851482,0.0259705439497334,0.843753419655656,"Nonlinear DGP B (Gamma hurdle)",5
"Hurdle ATE (probability)",4,1000,0.0845994373064006,1.0042657673522,593.391971100255,0.148347992775064,0.00172197533925051,0.918591264550275,"Nonlinear DGP B (Gamma hurdle)",5
"Duan smearing factor",4,1000,1.28256807397276,1.00394339077472,1231.03286273359,0.307758215683399,0.00174347188198065,1.69420816304372,"Nonlinear DGP B (Gamma hurdle)",5
"sigma_c (log-scale SD)",4,1000,0.724793510438788,1.01027635758532,451.029984408581,0.112757496102145,0.0019438758921168,2.46048150558196,"Nonlinear DGP B (Gamma hurdle)",5
"Mean mu_b (hurdle prognostic)",4,1000,0.245693867921486,1.00689225795937,636.772132119405,0.159193033029851,0.00348465931577148,1.50711586009341,"Nonlinear DGP B (Gamma hurdle)",5
"Mean tau_b (hurdle treatment)",4,1000,0.297506762232148,1.00302023425195,531.772885088095,0.132943221272024,0.00637133566027457,0.73377714657486,"Nonlinear DGP B (Gamma hurdle)",5
"Mean mu_c (log-scale prognostic)",4,1000,1.29597046497724,1.00393526794219,930.385386709456,0.232596346677364,0.00227482337596185,1.06826203691959,"Nonlinear DGP B (Gamma hurdle)",5
"Mean tau_c (log-scale treatment)",4,1000,0.253727580125439,1.00642695930391,824.104432687048,0.206026108171762,0.00369200332826929,1.92843641126834,"Nonlinear DGP B (Gamma hurdle)",5
"CATE[unit 492]",4,1000,0.0733019491221978,1.02618666461884,531.860450174884,0.132965112543721,0.0126251104866086,2.41064912384088,"Nonlinear DGP B (Gamma hurdle)",5
"CATE[unit 56]",4,1000,0.412115656344857,1.01426918971752,733.219959395256,0.183304989848814,0.0237717024125245,2.2570658463285,"Nonlinear DGP B (Gamma hurdle)",5
"CATE[unit 253]",4,1000,0.673101769251545,1.00960232078985,811.832240348097,0.202958060087024,0.0182923503668337,1.3537257772272,"Nonlinear DGP B (Gamma hurdle)",5
"CATE[unit 259]",4,1000,0.891384216926366,1.00288610594028,567.582050223842,0.14189551255596,0.0423037950175003,1.22242667704309,"Nonlinear DGP B (Gamma hurdle)",5
"CATE[unit 213]",4,1000,1.09942506807721,1.01036423460239,818.742189132581,0.204685547283145,0.0281947628099155,1.56700305369194,"Nonlinear DGP B (Gamma hurdle)",5
"CATE[unit 486]",4,1000,1.37564088338365,1.01095906794081,910.819509246696,0.227704877311674,0.035187707052334,2.45401743855596,"Nonlinear DGP B (Gamma hurdle)",5
"CATE[unit 406]",4,1000,2.05676641621794,1.01120255386271,959.124106189459,0.239781026547365,0.044697618277456,2.11086971729012,"Nonlinear DGP B (Gamma hurdle)",5
"CATE[unit 112]",4,1000,2.37486966148273,1.00582984137823,706.018613531427,0.176504653382857,0.100609604660468,1.33695790254674,"Nonlinear DGP B (Gamma hurdle)",5
"CATE[unit 18]",4,1000,3.93460511819911,1.01438387523086,1050.18106799525,0.262545266998812,0.0819649598856249,1.053540789917,"Nonlinear DGP B (Gamma hurdle)",5
"CATE[unit 240]",4,1000,22.3116282740018,1.02214886225879,1199.71746292796,0.299929365731991,0.446193714165999,1.50261218126459,"Nonlinear DGP B (Gamma hurdle)",5
"ATE (response scale)",4,1000,0.288827450780667,1.00593536350873,1589.12498391189,0.397281245977972,0.0137673106228742,2.05435329073428,"Nonlinear DGP C (Tweedie)",1
"Hurdle ATE (probability)",4,1000,0.0037150557107407,1.00962227450168,570.824906131699,0.142706226532925,0.000979625930651516,0.984082893374845,"Nonlinear DGP C (Tweedie)",1
"Duan smearing factor",4,1000,1.61207325621278,1.0001757828874,3911.29466700072,0.977823666750179,0.00144108895628176,1.89334437121962,"Nonlinear DGP C (Tweedie)",1
"sigma_c (log-scale SD)",4,1000,1.12100914226718,1.00429852761691,1529.26906300754,0.382317265751885,0.00108025079753316,2.68719967951401,"Nonlinear DGP C (Tweedie)",1
"Mean mu_b (hurdle prognostic)",4,1000,1.47554360087137,1.07672590590245,363.886694396613,0.0909716735991534,0.00670430166291761,0.965205926687406,"Nonlinear DGP C (Tweedie)",1
"Mean tau_b (hurdle treatment)",4,1000,0.0458387222579738,1.01228779814894,497.66107882292,0.12441526970573,0.00705183388792726,0.822822029611163,"Nonlinear DGP C (Tweedie)",1
"Mean mu_c (log-scale prognostic)",4,1000,0.945884314145414,1.00265145516247,1747.66998933724,0.436917497334311,0.00165564501479659,1.44219791110679,"Nonlinear DGP C (Tweedie)",1
"Mean tau_c (log-scale treatment)",4,1000,0.0556899604494635,1.00452811061999,1596.13079375858,0.399032698439644,0.00268058113663072,1.42143719828783,"Nonlinear DGP C (Tweedie)",1
"CATE[unit 411]",4,1000,-0.0224407784551769,1.00372169530104,1804.52043516418,0.451130108791044,0.0236199671555445,1.41591911840019,"Nonlinear DGP C (Tweedie)",1
"CATE[unit 224]",4,1000,0.105618325896172,1.00640610174986,1381.91400029095,0.345478500072737,0.0111493864452084,2.03061227876247,"Nonlinear DGP C (Tweedie)",1
"CATE[unit 449]",4,1000,0.156023042758915,1.00464601644242,1990.49763467714,0.497624408669285,0.00806254920639774,2.15719338553252,"Nonlinear DGP C (Tweedie)",1
"CATE[unit 17]",4,1000,0.195407441372106,1.00357093682077,1651.4070452068,0.4128517613017,0.00962846710536146,2.1980748299391,"Nonlinear DGP C (Tweedie)",1
"CATE[unit 231]",4,1000,0.216724892324288,1.00382489741164,2257.72394655667,0.564430986639168,0.0123407164683799,0.893540055259926,"Nonlinear DGP C (Tweedie)",1
"CATE[unit 207]",4,1000,0.333770530674369,1.003318837152,1953.75879015179,0.488439697537948,0.0320514912567767,1.80814891752557,"Nonlinear DGP C (Tweedie)",1
"CATE[unit 427]",4,1000,0.333092982091972,1.0034888818213,1746.84495301077,0.436711238252693,0.0154654105576497,1.59140796391072,"Nonlinear DGP C (Tweedie)",1
"CATE[unit 274]",4,1000,0.430075293223223,1.00504863936387,1908.63093740528,0.477157734351319,0.0207409170176287,0.529514389903574,"Nonlinear DGP C (Tweedie)",1
"CATE[unit 312]",4,1000,0.558406475630243,1.00256448922985,1683.94724076435,0.420986810191086,0.0257953428996104,1.74798768966539,"Nonlinear DGP C (Tweedie)",1
"CATE[unit 188]",4,1000,0.909534960081612,1.00240030810093,1825.62168379373,0.456405420948433,0.0417071293950224,0.927874741792123,"Nonlinear DGP C (Tweedie)",1
"ATE (response scale)",4,1000,1.23850830527607,1.00303416345127,1067.36921732817,0.266842304332043,0.0222423415382563,1.63935371970673,"Nonlinear DGP C (Tweedie)",2
"Hurdle ATE (probability)",4,1000,0.0416786242465217,1.01407399266694,366.733405549197,0.0916833513872993,0.0014018495302656,1.94723228798378,"Nonlinear DGP C (Tweedie)",2
"Duan smearing factor",4,1000,1.55325592193719,1.00116041659297,3381.92073549112,0.84548018387278,0.00148297920176657,1.44309075991838,"Nonlinear DGP C (Tweedie)",2
"sigma_c (log-scale SD)",4,1000,1.09697205516074,1.00801742848852,1057.51548445489,0.264378871113723,0.00132272844108253,2.31618347625925,"Nonlinear DGP C (Tweedie)",2
"Mean mu_b (hurdle prognostic)",4,1000,1.39645773860796,1.02339435496887,279.49778764992,0.0698744469124801,0.00804559326169679,2.34437059551451,"Nonlinear DGP C (Tweedie)",2
"Mean tau_b (hurdle treatment)",4,1000,0.328338672664837,1.0173175950366,289.612149017268,0.0724030372543169,0.0126808437637204,1.37666353538367,"Nonlinear DGP C (Tweedie)",2
"Mean mu_c (log-scale prognostic)",4,1000,1.00229065164729,1.00150641366082,1293.54747520746,0.323386868801866,0.00202453326006903,1.99494838352414,"Nonlinear DGP C (Tweedie)",2
"Mean tau_c (log-scale treatment)",4,1000,0.180120605898827,1.00232442940918,1132.4911653074,0.283122791326849,0.00366529235549074,1.85401787934182,"Nonlinear DGP C (Tweedie)",2
"CATE[unit 131]",4,1000,0.0510123745980808,1.00896417583682,1328.45505075866,0.332113762689666,0.0030880847958727,1.71847402708138,"Nonlinear DGP C (Tweedie)",2
"CATE[unit 438]",4,1000,0.472788991759476,1.00515040983022,1269.78894022136,0.317447235055341,0.0118620380522708,1.68087693149802,"Nonlinear DGP C (Tweedie)",2
"CATE[unit 495]",4,1000,0.666911129788714,1.00880497598456,1444.42266874257,0.361105667185642,0.0149715450275276,1.84100252653087,"Nonlinear DGP C (Tweedie)",2
"CATE[unit 336]",4,1000,0.829037993683872,1.00065932563162,1768.02937447713,0.442007343619283,0.0195232194072593,1.07823504498896,"Nonlinear DGP C (Tweedie)",2
"CATE[unit 107]",4,1000,0.96492195608834,1.00339228201712,1873.62601126164,0.468406502815409,0.024912455218989,2.6550620791175,"Nonlinear DGP C (Tweedie)",2
"CATE[unit 267]",4,1000,1.13712979843949,1.00258581179489,1731.56535837063,0.432891339592657,0.037627984273107,1.51480034425021,"Nonlinear DGP C (Tweedie)",2
"CATE[unit 73]",4,1000,1.34321720341415,1.00397460295023,1785.86040973266,0.446465102433164,0.0335779521051756,1.34558433516905,"Nonlinear DGP C (Tweedie)",2
"CATE[unit 448]",4,1000,1.69268108636628,1.00419908690938,1540.69535487465,0.385173838718663,0.0343097610715401,1.95646700149261,"Nonlinear DGP C (Tweedie)",2
"CATE[unit 332]",4,1000,2.18063130789424,1.00793251401862,1822.00888089764,0.45550222022441,0.0478541400839871,1.85606191685307,"Nonlinear DGP C (Tweedie)",2
"CATE[unit 414]",4,1000,3.93186100138614,1.00739227698366,1478.20298517487,0.369550746293717,0.0966074013472902,1.71964726387199,"Nonlinear DGP C (Tweedie)",2
"ATE (response scale)",4,1000,1.41099203670457,1.00298269481999,1094.00942084077,0.273502355210193,0.0217312820519509,1.43348825237413,"Nonlinear DGP C (Tweedie)",3
"Hurdle ATE (probability)",4,1000,0.00890799331766806,1.02112072504548,480.457079467205,0.120114269866801,0.000963314007639383,1.80852622160898,"Nonlinear DGP C (Tweedie)",3
"Duan smearing factor",4,1000,1.48904727065852,0.999926611861122,2874.72142694381,0.718680356735952,0.00140942945656468,2.55077565954609,"Nonlinear DGP C (Tweedie)",3
"sigma_c (log-scale SD)",4,1000,1.01231882912859,1.00687473626992,566.068148601112,0.141517037150278,0.0017979485759099,3.73459147490282,"Nonlinear DGP C (Tweedie)",3
"Mean mu_b (hurdle prognostic)",4,1000,1.62648373270562,1.07366528579966,183.041501634312,0.045760375408578,0.0115947761288166,4.45565362754007,"Nonlinear DGP C (Tweedie)",3
"Mean tau_b (hurdle treatment)",4,1000,0.0769102027977321,1.02846408399054,432.780150175877,0.108195037543969,0.00771598402116999,1.58607784545563,"Nonlinear DGP C (Tweedie)",3
"Mean mu_c (log-scale prognostic)",4,1000,0.996675241366495,1.00419211410315,1153.88876857287,0.288472192143217,0.00207657353290724,1.5766911679036,"Nonlinear DGP C (Tweedie)",3
"Mean tau_c (log-scale treatment)",4,1000,0.229449264994274,1.00468709284771,1077.65409520337,0.269413523800843,0.00351538467692179,1.53026535946118,"Nonlinear DGP C (Tweedie)",3
"CATE[unit 28]",4,1000,0.0785406555181919,1.00219560910932,2264.66532305771,0.566166330764427,0.00206542326497786,2.27544088309104,"Nonlinear DGP C (Tweedie)",3
"CATE[unit 196]",4,1000,0.331693877024793,1.00314451064456,1490.87923270538,0.372719808176345,0.00657812809246554,2.05793552897508,"Nonlinear DGP C (Tweedie)",3
"CATE[unit 400]",4,1000,0.497130536360862,1.00814496395016,1138.21298063849,0.284553245159622,0.0111282097993226,2.18696750969947,"Nonlinear DGP C (Tweedie)",3
"CATE[unit 136]",4,1000,0.779153827812118,1.00495428492551,1678.92734482589,0.419731836206473,0.0164665627292717,1.91838403553519,"Nonlinear DGP C (Tweedie)",3
"CATE[unit 380]",4,1000,1.15115899083112,1.00382952913216,1393.31286675791,0.348328216689478,0.0226560872239384,2.67196623931241,"Nonlinear DGP C (Tweedie)",3
"CATE[unit 21]",4,1000,1.37032844738801,1.00493966245986,1675.54330476127,0.418885826190319,0.0269289068786641,1.59570853118824,"Nonlinear DGP C (Tweedie)",3
"CATE[unit 153]",4,1000,1.85136602947233,1.00717140942905,1350.94113094404,0.337735282736011,0.052101594361507,0.710165723311058,"Nonlinear DGP C (Tweedie)",3
"CATE[unit 497]",4,1000,2.13903683401062,1.00104404621635,1660.26465765069,0.415066164412672,0.0419079953268538,1.55043473482163,"Nonlinear DGP C (Tweedie)",3
"CATE[unit 166]",4,1000,2.71327459601753,1.01639568112739,1550.0834051948,0.387520851298701,0.0633199366247501,0.893918096176639,"Nonlinear DGP C (Tweedie)",3
"CATE[unit 416]",4,1000,4.77640663341437,1.00357513501677,1469.0066823197,0.367251670579925,0.107353545374361,0.735819493681441,"Nonlinear DGP C (Tweedie)",3
"ATE (response scale)",4,1000,0.780504918748894,1.00432108585568,1071.73264352429,0.267933160881072,0.0165931559800403,1.15766604056093,"Nonlinear DGP C (Tweedie)",4
"Hurdle ATE (probability)",4,1000,0.0523761605647864,1.02412114355239,269.459972616168,0.067364993154042,0.00159799929758232,1.22628218041505,"Nonlinear DGP C (Tweedie)",4
"Duan smearing factor",4,1000,1.49041374446509,0.999711120050948,3971.13482059466,0.992783705148665,0.00119054712618852,1.6255964083337,"Nonlinear DGP C (Tweedie)",4
"sigma_c (log-scale SD)",4,1000,1.03511451803071,1.0001715673243,1640.44828278589,0.410112070696473,0.000944054119926792,1.9950700752634,"Nonlinear DGP C (Tweedie)",4
"Mean mu_b (hurdle prognostic)",4,1000,1.51856975327854,1.1621524348319,214.514835971098,0.0536287089927746,0.0112367484616554,4.31687831026413,"Nonlinear DGP C (Tweedie)",4
"Mean tau_b (hurdle treatment)",4,1000,0.467714690308167,1.05844813291625,169.755037245854,0.0424387593114634,0.0194957043327817,1.05830535915228,"Nonlinear DGP C (Tweedie)",4
"Mean mu_c (log-scale prognostic)",4,1000,1.07406172254401,1.00121415503039,1289.02494966432,0.322256237416081,0.00192905447136142,1.52681929621406,"Nonlinear DGP C (Tweedie)",4
"Mean tau_c (log-scale treatment)",4,1000,0.110028165863727,1.00350500746467,1170.88787087313,0.292721967718281,0.00302229670935375,1.52621126895872,"Nonlinear DGP C (Tweedie)",4
"CATE[unit 101]",4,1000,-0.108288310923005,1.00945967626406,965.977166122611,0.241494291530653,0.0498084928235741,1.87942610153072,"Nonlinear DGP C (Tweedie)",4
"CATE[unit 222]",4,1000,0.320799401292556,1.00256860309551,1545.32131292983,0.386330328232459,0.0178092666111168,1.32355955680281,"Nonlinear DGP C (Tweedie)",4
"CATE[unit 462]",4,1000,0.446642758403928,1.00404309702455,1511.65136187753,0.377912840469382,0.0169961297080929,1.6208119861986,"Nonlinear DGP C (Tweedie)",4
"CATE[unit 327]",4,1000,0.59196235078023,1.0077818862119,1046.88853770767,0.261722134426918,0.0356508844096942,1.79078183332797,"Nonlinear DGP C (Tweedie)",4
"CATE[unit 251]",4,1000,0.665541444409251,1.00457285268145,1415.8904110226,0.353972602755649,0.0158392759951215,1.37967705722024,"Nonlinear DGP C (Tweedie)",4
"CATE[unit 326]",4,1000,0.782730433949045,1.00583376619324,1560.70811619967,0.390177029049917,0.0318892487637623,1.06573609311748,"Nonlinear DGP C (Tweedie)",4
"CATE[unit 413]",4,1000,0.891614275595297,1.00412603735994,1640.35091813623,0.410087729534058,0.0259241220235076,1.81095664124536,"Nonlinear DGP C (Tweedie)",4
"CATE[unit 368]",4,1000,1.13183695068897,1.00316440175882,1274.43147640992,0.318607869102481,0.0283201147609339,2.05319399445383,"Nonlinear DGP C (Tweedie)",4
"CATE[unit 212]",4,1000,1.30530999904834,1.00201301496919,1327.05607900794,0.331764019751984,0.0349869156195795,1.05690642700867,"Nonlinear DGP C (Tweedie)",4
"CATE[unit 436]",4,1000,1.78256936477785,1.0065675802534,1024.16674362429,0.256041685906072,0.0648054764042983,0.7944275116594,"Nonlinear DGP C (Tweedie)",4
"ATE (response scale)",4,1000,1.14157114964465,1.00103354741485,1102.58610008993,0.275646525022482,0.0198095195101152,1.40608353391501,"Nonlinear DGP C (Tweedie)",5
"Hurdle ATE (probability)",4,1000,0.0288327723026224,1.03075152915595,247.455556967057,0.0618638892417643,0.00161375266097414,3.51608093880097,"Nonlinear DGP C (Tweedie)",5
"Duan smearing factor",4,1000,1.53950699516365,1.00051184480303,3954.58311212402,0.988645778031004,0.00126007685816237,1.11339000694193,"Nonlinear DGP C (Tweedie)",5
"sigma_c (log-scale SD)",4,1000,1.05339257939617,1.0077438134104,1224.92053156008,0.306230132890021,0.00116102556994634,0.828268904790041,"Nonlinear DGP C (Tweedie)",5
"Mean mu_b (hurdle prognostic)",4,1000,1.69642953379562,1.05013263771877,161.053950531622,0.0402634876329054,0.0132398473351015,3.01051197848025,"Nonlinear DGP C (Tweedie)",5
"Mean tau_b (hurdle treatment)",4,1000,0.264653306971149,1.04270577990337,239.977092734206,0.0599942731835515,0.0151910866578795,3.28795724526184,"Nonlinear DGP C (Tweedie)",5
"Mean mu_c (log-scale prognostic)",4,1000,1.01631372571451,1.00088684185776,1334.31051748231,0.333577629370577,0.00197208870918582,1.06942655168165,"Nonlinear DGP C (Tweedie)",5
"Mean tau_c (log-scale treatment)",4,1000,0.183428617195564,1.00163361058334,1390.64723234708,0.34766180808677,0.0030667292236333,1.6820402185342,"Nonlinear DGP C (Tweedie)",5
"CATE[unit 128]",4,1000,0.165467698726816,1.00639240763182,1517.7720509513,0.379443012737824,0.00441253837615102,0.681173971596352,"Nonlinear DGP C (Tweedie)",5
"CATE[unit 165]",4,1000,0.450794404641293,1.00194214820063,2113.8118319886,0.52845295799715,0.010951663025473,1.30484273492563,"Nonlinear DGP C (Tweedie)",5
"CATE[unit 13]",4,1000,0.574492566391556,1.00408428343688,1932.13742193634,0.483034355484084,0.0138747905681649,0.6453560588516,"Nonlinear DGP C (Tweedie)",5
"CATE[unit 262]",4,1000,0.698667666773446,1.00237507037399,1337.81312845155,0.334453282112887,0.0153963358978664,3.43396214662438,"Nonlinear DGP C (Tweedie)",5
"CATE[unit 48]",4,1000,0.938208815396761,1.00116141988549,1668.35934468198,0.417089836170495,0.0185032334981387,2.12861492333026,"Nonlinear DGP C (Tweedie)",5
"CATE[unit 178]",4,1000,1.16022218399657,1.0014583726696,1651.78481194884,0.412946202987211,0.0245558582498243,1.40666288567965,"Nonlinear DGP C (Tweedie)",5
"CATE[unit 453]",4,1000,1.4142252869679,1.0021528762627,1711.95105250558,0.427987763126396,0.0269463393029104,2.43974034339823,"Nonlinear DGP C (Tweedie)",5
"CATE[unit 348]",4,1000,1.65469201275421,1.00235363933217,2131.60512043575,0.532901280108938,0.0314925892335677,1.90463785028002,"Nonlinear DGP C (Tweedie)",5
"CATE[unit 81]",4,1000,1.92552826802918,1.00322697010718,1234.96803202118,0.308742008005295,0.044867103773759,1.39527424886894,"Nonlinear DGP C (Tweedie)",5
"CATE[unit 365]",4,1000,3.09473084802735,1.00335006200821,2142.17551690349,0.535543879225872,0.079110776956547,1.93120619076389,"Nonlinear DGP C (Tweedie)",5
