"DGP","Seed","True_ATE","True_Hurdle_ATE","Linear_CATE_RMSE","Linear_CATE_Abs_Bias","Linear_CATE_Coverage","Linear_CATE_Correlation","Linear_CATE_CI_Length","Linear_Est_ATE","Smear_CATE_RMSE","Smear_CATE_Abs_Bias","Smear_CATE_Coverage","Smear_CATE_Correlation","Smear_CATE_CI_Length","Smear_Est_ATE","Linear_Hurdle_RMSE","Linear_Hurdle_Abs_Bias","Linear_Hurdle_Coverage","Linear_Hurdle_Correlation","Linear_Hurdle_CI_Length","Linear_Est_Hurdle_ATE","Smear_Hurdle_RMSE","Smear_Hurdle_Abs_Bias","Smear_Hurdle_Coverage","Smear_Hurdle_Correlation","Smear_Hurdle_CI_Length","Smear_Est_Hurdle_ATE"
"DGP B (nonlinear): Gamma Hurdle",1,1.5631995572254,0.00765781315830373,NA,NA,NA,NA,NA,NA,1.34733402035272,0.405438769628707,0.904,0.72320062212971,4.25009858685463,1.15776078759669,NA,NA,NA,NA,NA,NA,0.0298887563184188,0.0075754674261041,0.986,0.0704753810520578,0.118981735642423,8.23457321996295e-05
"DGP B (nonlinear): Gamma Hurdle",2,1.49625981358657,0.00828875682465887,NA,NA,NA,NA,NA,NA,1.24970233768417,0.184739605432446,0.948,0.621130795276246,3.91759274191159,1.31152020815412,NA,NA,NA,NA,NA,NA,0.019083813248202,0.000279838634586368,0.97,0.359809341317828,0.108119528626268,0.0080089181900725
"DGP B (nonlinear): Gamma Hurdle",3,1.32061679211761,0.00486672973615716,NA,NA,NA,NA,NA,NA,1.53508664373468,0.883160241043412,0.932,0.610121004973907,4.58242972402482,2.20377703316102,NA,NA,NA,NA,NA,NA,0.030853321244296,0.0102925425675552,0.95,0.0606950791766909,0.105100928831261,-0.00542581283139803
"DGP B (nonlinear): Gamma Hurdle",4,1.45326655681925,0.00468567932057774,NA,NA,NA,NA,NA,NA,1.83759138180713,1.00882011190958,0.95,0.675361675444469,5.45700104764068,2.46208666872882,NA,NA,NA,NA,NA,NA,0.029996173896698,0.0027802989804598,0.964,0.0196027047083909,0.119570556732854,0.00746597830103754
"DGP B (nonlinear): Gamma Hurdle",5,1.47953410487127,0.00639938610533491,NA,NA,NA,NA,NA,NA,1.66715193559571,0.212599773004967,0.97,0.690722484913052,5.06258643794006,1.69213387787624,NA,NA,NA,NA,NA,NA,0.0274828123934698,0.0112805868985545,0.972,0.107025653293797,0.119232086733458,0.0176799730038894
"DGP B (nonlinear): Gamma Hurdle",6,1.49351670454521,0.00698022650508871,NA,NA,NA,NA,NA,NA,1.85784603018865,1.17332214596664,0.63,0.531610856396704,3.80257436721357,0.320194558578566,NA,NA,NA,NA,NA,NA,0.0412819882603777,0.0206728498844846,0.868,-0.11393922671287,0.189058996706141,-0.0136926233793959
"DGP B (nonlinear): Gamma Hurdle",7,1.51189367521917,0.00788644110928347,NA,NA,NA,NA,NA,NA,1.69069476468728,0.481095772635692,0.98,0.630394839195227,5.29957382152936,1.99298944785486,NA,NA,NA,NA,NA,NA,0.0240957812467077,0.00506826826893722,0.76,0.221247890747194,0.0873144900102236,0.00281817284034624
"DGP B (nonlinear): Gamma Hurdle",8,1.42746710042905,0.00536434334703231,NA,NA,NA,NA,NA,NA,1.36135469160467,0.323904643961696,0.99,0.63844070116948,5.09357134309302,1.75137174439075,NA,NA,NA,NA,NA,NA,0.0324509571188156,0.00886149743934198,0.948,0.135890376744153,0.116075330143971,-0.00349715409230967
"DGP B (nonlinear): Gamma Hurdle",9,1.40650530162536,0.00499394075729454,NA,NA,NA,NA,NA,NA,1.20113755069788,0.025534746449537,0.906,0.741947746045313,4.39618759725457,1.38097055517583,NA,NA,NA,NA,NA,NA,0.0317140120723247,0.00197332231846547,0.968,0.071866983527245,0.110417913925608,0.00696726307576001
"DGP B (nonlinear): Gamma Hurdle",10,1.43788949290927,0.00645367759761391,NA,NA,NA,NA,NA,NA,1.26730833369922,0.0956865640257581,0.98,0.572268392754106,4.83418242819728,1.53357605693502,NA,NA,NA,NA,NA,NA,0.0369673698123233,0.0160885532923042,0.974,0.00310083270322843,0.108414407127718,-0.00963487569469028
"DGP B (nonlinear): Gamma Hurdle",11,1.44199019223789,0.00694837456799941,NA,NA,NA,NA,NA,NA,1.36773355982859,0.553809984980593,0.972,0.7049732686714,4.81806878354793,1.99580017721848,NA,NA,NA,NA,NA,NA,0.0267087516958816,0.00788752978996949,0.946,0.103677519776608,0.101391722372407,-0.000939155221970085
"DGP B (nonlinear): Gamma Hurdle",12,1.52357541077325,0.00869530548490994,NA,NA,NA,NA,NA,NA,2.59762723604065,0.414251529709296,0.962,0.59471969867758,5.42187988865793,1.93782694048255,NA,NA,NA,NA,NA,NA,0.0217443401914569,0.00237559021360923,0.962,0.0969614572314429,0.116631201879126,0.00631971527130072
"DGP B (nonlinear): Gamma Hurdle",13,1.45840650159053,0.00756449675451689,NA,NA,NA,NA,NA,NA,1.8935243339212,0.948495585746847,0.978,0.706786269509044,6.1369964799908,2.40690208733738,NA,NA,NA,NA,NA,NA,0.0339589409693581,0.0127311608482416,0.972,-0.398609658139196,0.102555659815257,-0.00516666409372469
"DGP B (nonlinear): Gamma Hurdle",14,1.38180773518704,0.00552994715235261,NA,NA,NA,NA,NA,NA,1.35777545726005,0.675895179928838,0.952,0.693854315584106,4.61320477932596,2.05770291511587,NA,NA,NA,NA,NA,NA,0.0325401800174909,0.00533625423733129,0.966,-0.121640890907093,0.124690601441583,0.0108662013896839
"DGP B (nonlinear): Gamma Hurdle",15,1.36037352357941,0.00690603449241699,NA,NA,NA,NA,NA,NA,1.19453689788235,0.128051756014995,0.924,0.552814705131013,4.2039212043063,1.23232176756442,NA,NA,NA,NA,NA,NA,0.0243716340579006,0.00654642413908139,0.98,0.149116516144717,0.104478438711912,0.0134524586314984
"DGP B (nonlinear): Gamma Hurdle",16,1.44759754895628,0.00640606989242478,NA,NA,NA,NA,NA,NA,1.76978434007116,0.303070362725298,0.918,0.57342809179663,4.7646659375782,1.14452718623098,NA,NA,NA,NA,NA,NA,0.0764037496434089,0.0503616824833395,0.882,0.0745563264397359,0.208233417339173,0.0567677523757643
"DGP B (nonlinear): Gamma Hurdle",17,1.57648857756525,0.00658502143334172,NA,NA,NA,NA,NA,NA,1.75593903446798,0.446155150456284,0.912,0.708032825696905,4.09618007255661,1.13033342710896,NA,NA,NA,NA,NA,NA,0.0708072492788926,0.0502941828015584,0.802,-0.0239026253877356,0.187742117357953,0.0568792042349001
"DGP B (nonlinear): Gamma Hurdle",18,1.41971702064517,0.00599027219528743,NA,NA,NA,NA,NA,NA,1.21268314856367,0.0967365663732505,0.972,0.681793125369996,5.90399251776582,1.32298045427192,NA,NA,NA,NA,NA,NA,0.0392278686538637,0.0157871479361448,0.982,-0.210912416596698,0.164606653641659,-0.00979687574085739
"DGP B (nonlinear): Gamma Hurdle",19,1.5640254071992,0.00684783898125283,NA,NA,NA,NA,NA,NA,3.01470150570146,1.41895845271026,0.962,0.682758056204856,7.03150108196635,2.98298385990946,NA,NA,NA,NA,NA,NA,0.0486585755907036,0.0253642683610194,0.942,0.152041545452179,0.174606573600769,0.0322121073422723
"DGP B (nonlinear): Gamma Hurdle",20,1.35693092565706,0.00286968679710646,NA,NA,NA,NA,NA,NA,1.65392794891472,0.558024338220253,0.97,0.641408268142453,5.2349829773097,1.91495526387731,NA,NA,NA,NA,NA,NA,0.0405372461593248,0.0137030476331734,0.774,0.0766333552050019,0.124573512009214,-0.0108333608360669
"DGP B (nonlinear): Gamma Hurdle",21,1.30359695577447,0.00661743138732713,NA,NA,NA,NA,NA,NA,1.5994536578019,0.86775288062394,0.928,0.660148374584395,4.70791440917062,2.17134983639841,NA,NA,NA,NA,NA,NA,0.0256740037062042,3.10911833114779e-05,0.978,0.116391071267351,0.103660567704707,0.00664852257063861
"DGP B (nonlinear): Gamma Hurdle",22,1.40345498161424,0.00458768368980663,NA,NA,NA,NA,NA,NA,1.55440075284677,0.346882366842696,0.964,0.609307542576208,5.18791313708818,1.75033734845693,NA,NA,NA,NA,NA,NA,0.0309982075578793,0.000124860678147162,0.988,0.249355960172538,0.140476155393488,0.00446282301165947
"DGP B (nonlinear): Gamma Hurdle",23,1.58924509855573,0.00821820258420193,NA,NA,NA,NA,NA,NA,1.53470318587415,0.281696382841721,0.992,0.619844155315393,6.27635895031483,1.30754871571401,NA,NA,NA,NA,NA,NA,0.0213818219990158,0.00372254574465305,0.94,0.131331865515297,0.0898788955260004,0.00449565683954887
"DGP B (nonlinear): Gamma Hurdle",24,1.45211350660545,0.00466185852001399,NA,NA,NA,NA,NA,NA,1.93558036736184,0.289451650731717,0.956,0.415822691668482,4.68227386019211,1.74156515733717,NA,NA,NA,NA,NA,NA,0.0520519212354655,0.033416921221159,0.934,0.0292936793189038,0.15499197490073,0.038078779741173
"DGP B (nonlinear): Gamma Hurdle",25,1.47770631335649,0.00490280353834206,NA,NA,NA,NA,NA,NA,1.23271590784791,0.34096539585902,0.942,0.645487067657402,4.48696545383823,1.13674091749747,NA,NA,NA,NA,NA,NA,0.0283117382121014,0.000830730707717498,0.978,-0.26440320516458,0.108993136710005,0.00407207283062456
"DGP B (nonlinear): Gamma Hurdle",26,1.4436265349988,0.00576214607261965,NA,NA,NA,NA,NA,NA,1.25408336942924,0.052743675723495,0.982,0.616918563451141,4.514921211341,1.49637021072229,NA,NA,NA,NA,NA,NA,0.0445271104722956,0.0258123090102472,0.97,0.143407248363704,0.162969778879526,0.0315744550828668
"DGP B (nonlinear): Gamma Hurdle",27,1.52116689593086,0.00487472142986635,NA,NA,NA,NA,NA,NA,1.56782394195021,0.207351865328503,0.99,0.781088406035312,5.73645132968266,1.72851876125936,NA,NA,NA,NA,NA,NA,0.0556195694488561,0.0323505824420971,0.982,0.299644725225796,0.20981843971624,0.0372253038719634
"DGP B (nonlinear): Gamma Hurdle",28,1.41510301203339,0.00310384880807799,NA,NA,NA,NA,NA,NA,1.36902011763208,0.211521343161107,0.956,0.55955989640281,4.56058653332374,1.6266243551945,NA,NA,NA,NA,NA,NA,0.0703740549270219,0.0493422541039779,0.936,-0.103424315573796,0.191285936007099,0.0524461029120559
"DGP B (nonlinear): Gamma Hurdle",29,1.41489204090228,0.00653067921667782,NA,NA,NA,NA,NA,NA,2.07723511208056,1.31445359019356,0.44,0.215424384641402,2.74439302997586,0.100438450708723,NA,NA,NA,NA,NA,NA,0.0272144175634545,0.00207910510226453,0.962,0.427087230481301,0.106205745976917,0.00445157411441329
"DGP B (nonlinear): Gamma Hurdle",30,1.41981725817787,0.0075304583318996,NA,NA,NA,NA,NA,NA,1.65920257930589,0.100875665218405,0.964,0.500698798667053,5.63325074498803,1.52069292339628,NA,NA,NA,NA,NA,NA,0.0325558447100548,0.0169003812722439,0.912,-0.376471528758651,0.101912716628545,-0.00936992294034435
"DGP B (nonlinear): Gamma Hurdle",31,1.37987090489466,0.00666886198652836,NA,NA,NA,NA,NA,NA,1.17591338570017,0.333854257769314,0.9,0.633768720837945,4.18220595304267,1.04601664712535,NA,NA,NA,NA,NA,NA,0.0286280841198513,0.00304575880541952,0.976,0.150574367777117,0.122048526792128,0.00971462079194788
"DGP B (nonlinear): Gamma Hurdle",32,1.40210806350662,0.00526012943434608,NA,NA,NA,NA,NA,NA,1.00995838047573,0.0194964856983704,0.986,0.585523108482528,4.49900136157638,1.42160454920499,NA,NA,NA,NA,NA,NA,0.0293166519198419,0.00470593625845293,0.978,0.149728697425024,0.11754841040053,0.000554193175893149
"DGP B (nonlinear): Gamma Hurdle",33,1.40536777924723,0.00613016441884898,NA,NA,NA,NA,NA,NA,1.29672217242287,0.335184961906938,0.972,0.717003248872427,4.81127884084744,1.74055274115417,NA,NA,NA,NA,NA,NA,0.0379565388996354,0.018468875143288,0.938,-0.16544590845209,0.145988315816582,-0.012338710724439
"DGP B (nonlinear): Gamma Hurdle",34,1.33966135769421,0.0050942408752977,NA,NA,NA,NA,NA,NA,0.971618040405081,0.527297895021216,0.948,0.640434048227086,3.68290285012504,0.812363462672998,NA,NA,NA,NA,NA,NA,0.0307494570514113,0.00260653737463569,0.984,-0.0942321220959639,0.119458117214649,0.0077007782499334
"DGP B (nonlinear): Gamma Hurdle",35,1.44855587014091,0.00546423818050995,NA,NA,NA,NA,NA,NA,2.05619099219029,0.77264301133545,0.932,0.54317951381787,5.33303568500826,2.22119888147636,NA,NA,NA,NA,NA,NA,0.0519496358205373,0.0295251255646423,0.9,-0.101304713133919,0.156238842341196,0.0349893637451523
"DGP B (nonlinear): Gamma Hurdle",36,1.38500039108536,0.0069218017947912,NA,NA,NA,NA,NA,NA,1.96797641120912,1.12765098680149,0.934,0.578002074387578,5.47874542865837,2.51265137788685,NA,NA,NA,NA,NA,NA,0.0258612861140046,0.00163795304284739,0.986,0.234237492981202,0.118697103646474,0.00855975483763859
"DGP B (nonlinear): Gamma Hurdle",37,1.54067107626811,0.00612532983383752,NA,NA,NA,NA,NA,NA,2.34109285295142,1.06921596183548,0.918,0.571513208829732,5.56552467960906,2.60988703810359,NA,NA,NA,NA,NA,NA,0.0406698922642971,0.0149148096877565,0.958,-0.043756377143905,0.128857966513421,0.0210401395215941
"DGP B (nonlinear): Gamma Hurdle",38,1.33952642337584,0.00535821084449563,NA,NA,NA,NA,NA,NA,1.37397370327223,0.483925995028843,0.968,0.507281953497819,4.3867264544713,1.82345241840468,NA,NA,NA,NA,NA,NA,0.0348631624051911,0.0122850103340048,0.98,-0.0246664324304109,0.130389843409567,-0.00692679948950918
"DGP B (nonlinear): Gamma Hurdle",39,1.43498835278935,0.00486721136491726,NA,NA,NA,NA,NA,NA,1.49254757617924,0.853442676782615,0.894,0.607041954425172,3.75396971057169,0.581545676006734,NA,NA,NA,NA,NA,NA,0.0237114875750362,0.00628333321404941,0.958,0.183473563494335,0.125226289086037,-0.00141612184913215
"DGP B (nonlinear): Gamma Hurdle",40,1.3994219428122,0.00405354088976406,NA,NA,NA,NA,NA,NA,1.7991710670395,0.294159298099532,0.992,0.499609227507364,6.34553655077055,1.69358124091173,NA,NA,NA,NA,NA,NA,0.0638401345422475,0.0316140458614354,0.958,-0.00954096586289937,0.179812297976399,0.0356675867511995
"DGP B (nonlinear): Gamma Hurdle",41,1.65762771488304,0.00567696549777129,NA,NA,NA,NA,NA,NA,2.69694858010849,1.09855729818191,0.954,0.547173254912678,6.66655541922804,2.75618501306495,NA,NA,NA,NA,NA,NA,0.0266714654159947,0.00868932956761158,0.966,0.0421757011133901,0.0924334361011749,-0.00301236406984028
"DGP B (nonlinear): Gamma Hurdle",42,1.43156840148797,0.00508512795293347,NA,NA,NA,NA,NA,NA,1.86729232810884,0.512247307307878,0.924,0.521576579423679,4.90254012033816,0.919321094180097,NA,NA,NA,NA,NA,NA,0.0675441724281915,0.0424236171589828,0.804,-0.0200273627714308,0.208969393105929,-0.0373384892060494
"DGP B (nonlinear): Gamma Hurdle",43,1.52208185822538,0.00318924009265821,NA,NA,NA,NA,NA,NA,1.66368207833268,0.547532084997376,0.958,0.690361770713591,5.70090919820228,2.06961394322276,NA,NA,NA,NA,NA,NA,0.0372396848843816,0.00707409766477772,0.978,0.016688739903379,0.139847399755089,0.0102633377574359
"DGP B (nonlinear): Gamma Hurdle",44,1.39412315352471,0.00486648268494671,NA,NA,NA,NA,NA,NA,1.54400355358378,0.280983389627386,0.986,0.696538789175822,5.39357527709193,1.6751065431521,NA,NA,NA,NA,NA,NA,0.0339945699940012,0.00144489886167494,0.98,-0.205552376070407,0.123678075476654,0.00342158382327177
"DGP B (nonlinear): Gamma Hurdle",45,1.4391560310814,0.00702961019573318,NA,NA,NA,NA,NA,NA,1.46069675157564,0.568677239810335,0.982,0.796367711306756,5.2415909860305,2.00783327089173,NA,NA,NA,NA,NA,NA,0.0255045426791019,0.0116041299880053,0.968,0.0555928293653551,0.102338494398001,-0.00457451979227212
"DGP B (nonlinear): Gamma Hurdle",46,1.3552366475387,0.00745056188420323,NA,NA,NA,NA,NA,NA,1.16583512669703,0.0384326311462527,0.952,0.569537950019438,4.38015365798762,1.31680401639245,NA,NA,NA,NA,NA,NA,0.0260385558362439,0.00356939475188635,0.982,0.088550021358229,0.124790175231258,0.0110199566360896
"DGP B (nonlinear): Gamma Hurdle",47,1.40390039127588,0.00724683220335126,NA,NA,NA,NA,NA,NA,0.940116840638315,0.19281868326303,0.946,0.73444213633533,5.25026516474513,1.21108170801285,NA,NA,NA,NA,NA,NA,0.0313884403306541,0.0148275809008313,0.92,0.222384443901242,0.130925750785153,0.0220744131041825
"DGP B (nonlinear): Gamma Hurdle",48,1.56400319138115,0.00663203580958229,NA,NA,NA,NA,NA,NA,2.07307562237402,0.763900198550677,0.974,0.649596084955042,5.68429019666025,2.32790338993182,NA,NA,NA,NA,NA,NA,0.0295130713421246,0.0098302843164712,0.97,0.303402463522103,0.129274627797737,-0.00319824850688892
"DGP B (nonlinear): Gamma Hurdle",49,1.43433051262134,0.00597717783465358,NA,NA,NA,NA,NA,NA,1.46233307138341,0.291998411448966,0.93,0.671325112855307,4.42664830246466,1.7263289240703,NA,NA,NA,NA,NA,NA,0.0308657368149464,0.00454399272346323,0.956,0.0130318762860051,0.10196782933209,0.0105211705581168
"DGP B (nonlinear): Gamma Hurdle",50,1.28482876505969,0.00475056899950755,NA,NA,NA,NA,NA,NA,1.07234321530226,0.183778844275387,0.96,0.578914327103124,5.43020621416111,1.10104992078431,NA,NA,NA,NA,NA,NA,0.0387271750844529,0.00185578563366217,0.914,0.136779019657427,0.129946265939595,0.00660635463316972
"DGP B (nonlinear): Gamma Hurdle",51,1.36791655454109,0.00662484842471296,NA,NA,NA,NA,NA,NA,1.62419352921419,0.0140496534291973,0.984,0.0382627178107072,7.05400005723062,1.38196620797029,NA,NA,NA,NA,NA,NA,0.028250615952134,0.0127055748694801,0.994,0.00938383520465953,0.140103321744531,-0.00608072644476712
"DGP B (nonlinear): Gamma Hurdle",52,1.3326055539821,0.00521521320914076,NA,NA,NA,NA,NA,NA,2.52014946867234,1.25623091135292,0.964,0.525285562082526,6.28707233583205,2.58883646533502,NA,NA,NA,NA,NA,NA,0.0385314695438044,0.020861613266858,0.938,0.0810715855507841,0.142747908107648,-0.0156464000577173
"DGP B (nonlinear): Gamma Hurdle",53,1.36209361992203,0.00608246239010055,NA,NA,NA,NA,NA,NA,1.9083315713414,0.732143608745867,0.96,0.493740049817395,6.17454956431441,2.0942372286679,NA,NA,NA,NA,NA,NA,0.0308571023597625,0.00090561678142483,0.948,0.0561400537965505,0.106227375961396,0.00517684560867571
"DGP B (nonlinear): Gamma Hurdle",54,1.4810816674369,0.00915409598354003,NA,NA,NA,NA,NA,NA,1.2096593631521,0.157297189213356,0.994,0.517542522195985,6.68079654661944,1.63837885665026,NA,NA,NA,NA,NA,NA,0.0294095481671852,0.0136865627905516,0.954,0.115068709030653,0.119935033617302,0.0228406587740916
"DGP B (nonlinear): Gamma Hurdle",55,1.52530246648354,0.00768955379344626,NA,NA,NA,NA,NA,NA,2.35889962258585,1.36588887062004,0.888,0.603194390343078,6.18021828276853,2.89119133710358,NA,NA,NA,NA,NA,NA,0.0250129560056998,0.0132541305457352,0.946,0.470815989214768,0.118509216516537,0.0209436843391815
"DGP B (nonlinear): Gamma Hurdle",56,1.41839832212313,0.00482144642071153,NA,NA,NA,NA,NA,NA,1.86715889932142,0.834453214031186,0.98,0.661398014565755,5.3891792207969,2.25285153615432,NA,NA,NA,NA,NA,NA,0.030748743568416,0.00289262286981567,0.958,0.460957667517584,0.128801697872416,0.00192882355089585
"DGP B (nonlinear): Gamma Hurdle",57,1.49002015631351,0.00421162532225353,NA,NA,NA,NA,NA,NA,1.6143332131771,0.843452709256193,0.948,0.6717229271794,5.11980837437737,2.33347286556971,NA,NA,NA,NA,NA,NA,0.0323338956269653,0.00485096253513752,0.986,0.269055539527254,0.105201842505364,-0.000639337212883987
"DGP B (nonlinear): Gamma Hurdle",58,1.37062065722541,0.0043319903774621,NA,NA,NA,NA,NA,NA,1.32941608062217,0.152970209767419,0.986,0.595866879040267,4.89344992383608,1.52359086699283,NA,NA,NA,NA,NA,NA,0.0414470674662011,0.0205486487500771,0.642,0.099274572698592,0.114239810053675,-0.016216658372615
"DGP B (nonlinear): Gamma Hurdle",59,1.41138762263648,0.00750606179860851,NA,NA,NA,NA,NA,NA,0.976705525925214,0.076652709010028,0.964,0.683080827015962,4.05108707978589,1.33473491362646,NA,NA,NA,NA,NA,NA,0.0250129876004728,0.0029481085774685,0.99,0.389029514711616,0.143042745877762,0.00455795322114001
"DGP B (nonlinear): Gamma Hurdle",60,1.48533913465856,0.0048090508506818,NA,NA,NA,NA,NA,NA,1.26485349900546,0.0251173788520495,0.976,0.663049187102988,4.60052155016978,1.46022175580651,NA,NA,NA,NA,NA,NA,0.0271070831518399,0.0125977361242324,0.716,-0.00698201583252952,0.102780827439731,-0.0077886852735506
"DGP B (nonlinear): Gamma Hurdle",61,1.45438654498789,0.00782884617177242,NA,NA,NA,NA,NA,NA,1.69195285427695,0.482375928546757,0.948,0.592507056892067,4.72631027646245,1.93676247353464,NA,NA,NA,NA,NA,NA,0.025848463825133,0.00970399475963643,0.968,0.219788742263984,0.103758796285901,0.0175328409314089
"DGP B (nonlinear): Gamma Hurdle",62,1.4266525355101,0.00432052931898058,NA,NA,NA,NA,NA,NA,2.3791088992625,0.939442877515171,0.968,0.815457119140161,7.289496323008,2.36609541302527,NA,NA,NA,NA,NA,NA,0.0313984605063487,0.00534767850339708,0.988,0.358236047405704,0.141559413874986,-0.0010271491844165
"DGP B (nonlinear): Gamma Hurdle",63,1.31199465816423,0.00705581941950517,NA,NA,NA,NA,NA,NA,1.03465991510456,0.318911917315793,0.992,0.613869658927212,4.20562039230028,1.63090657548003,NA,NA,NA,NA,NA,NA,0.0272995694549024,0.00951574392038899,0.98,0.397487319684563,0.178882447466178,-0.00245992450088382
"DGP B (nonlinear): Gamma Hurdle",64,1.33604979620981,0.00358415366926413,NA,NA,NA,NA,NA,NA,2.11411245645233,0.504565150376426,0.962,0.409574345693096,6.10763215961483,1.84061494658624,NA,NA,NA,NA,NA,NA,0.0359643978687552,0.00601375337536477,0.982,0.043688188121942,0.157917620225856,0.0095979070446289
"DGP B (nonlinear): Gamma Hurdle",65,1.41156494996616,0.00578892136094236,NA,NA,NA,NA,NA,NA,1.5352900928473,0.355524832879816,0.98,0.358979513867273,6.48501363268181,1.05604011708634,NA,NA,NA,NA,NA,NA,0.0241883580537273,0.00186911644584905,0.962,0.15880417741483,0.0827506148824498,0.00765803780679142
"DGP B (nonlinear): Gamma Hurdle",66,1.46941451049459,0.00743204832692855,NA,NA,NA,NA,NA,NA,1.96307159504744,0.679727041973356,0.986,0.62471079305772,7.54396794148548,2.14914155246794,NA,NA,NA,NA,NA,NA,0.0389979039091798,0.0210954344483015,0.826,-0.418654290676662,0.108215366218053,-0.013663386121373
"DGP B (nonlinear): Gamma Hurdle",67,1.40956506193348,0.00700080319099958,NA,NA,NA,NA,NA,NA,1.05619146594647,0.294257220267315,0.872,0.666521270110526,3.47721083564411,1.11530784166617,NA,NA,NA,NA,NA,NA,0.0351611756354208,0.0150068056377702,0.968,0.213414246947173,0.149122852130661,0.0220076088287698
"DGP B (nonlinear): Gamma Hurdle",68,1.50322857730872,0.00604062697965386,NA,NA,NA,NA,NA,NA,1.39314067943642,0.281683042444586,0.924,0.662724671693785,4.17508194784565,1.22154553486413,NA,NA,NA,NA,NA,NA,0.0376641003210982,0.012934645562039,0.684,0.072731720604195,0.10261053926695,-0.00689401858238514
"DGP B (nonlinear): Gamma Hurdle",69,1.37981800190434,0.00661066186208845,NA,NA,NA,NA,NA,NA,1.72988865127676,0.465057263048389,0.96,0.492027742918537,5.00670445067555,1.84487526495273,NA,NA,NA,NA,NA,NA,0.037915760472732,0.0201654575307849,0.946,0.193480020657955,0.142921855645581,0.0267761193928734
"DGP B (nonlinear): Gamma Hurdle",70,1.41387214162898,0.00409911178365184,NA,NA,NA,NA,NA,NA,1.97533182929157,0.243187770025237,0.974,0.485791745363483,4.83611208638317,1.65705991165422,NA,NA,NA,NA,NA,NA,0.0344326672730448,0.0145857612953854,0.898,-0.0342160533002177,0.127364696910629,-0.0104866495117335
"DGP B (nonlinear): Gamma Hurdle",71,1.67000359158836,0.00692878396114348,NA,NA,NA,NA,NA,NA,3.27307211433883,0.904187346206291,0.972,0.601707575736586,8.27959118168492,2.57419093779465,NA,NA,NA,NA,NA,NA,0.0238510806584084,0.00362750102302088,0.98,-0.0866370844718081,0.107063231446046,0.0105562849841644
"DGP B (nonlinear): Gamma Hurdle",72,1.38177268417342,0.00593039372167964,NA,NA,NA,NA,NA,NA,1.4257402645689,0.738477610674201,0.974,0.622147862618417,5.08330404103821,2.12025029484763,NA,NA,NA,NA,NA,NA,0.0270979577085793,0.00237579129090646,0.894,-0.241411266756445,0.0831720959905765,0.00355460243077317
"DGP B (nonlinear): Gamma Hurdle",73,1.37398478370215,0.00736017325543812,NA,NA,NA,NA,NA,NA,1.08890497127308,0.360663909849034,0.96,0.530914800954045,3.8403814393679,1.01332087385311,NA,NA,NA,NA,NA,NA,0.0217348026607368,0.00115460169245349,0.982,0.0601944809050628,0.127694231360073,0.00620557156298463
"DGP B (nonlinear): Gamma Hurdle",74,1.48694351688127,0.00742170575885125,NA,NA,NA,NA,NA,NA,2.53397749245042,1.35521558747243,0.918,0.648681712379981,6.73225320944521,2.8421591043537,NA,NA,NA,NA,NA,NA,0.0455829067212561,0.0146678544769478,0.944,-0.082076564714843,0.116094082180915,0.022089560235799
"DGP B (nonlinear): Gamma Hurdle",75,1.32845766996156,0.00763678535500753,NA,NA,NA,NA,NA,NA,1.13490903949789,0.111813920624607,0.976,0.594218676234574,4.42320425534481,1.21664374933696,NA,NA,NA,NA,NA,NA,0.0255572259514559,0.00881178994962707,0.824,-0.306261271229313,0.0930683637373251,-0.00117500459461954
"DGP B (nonlinear): Gamma Hurdle",76,1.40786595172518,0.00608972767809963,NA,NA,NA,NA,NA,NA,1.06648472584609,0.335968714014108,0.96,0.686569963418706,4.18582128490895,1.07189723771108,NA,NA,NA,NA,NA,NA,0.0342638247180251,0.00745226201253639,0.954,0.0409735958484295,0.11869775295916,0.013541989690636
"DGP B (nonlinear): Gamma Hurdle",77,1.35310554768128,0.00530515717131634,NA,NA,NA,NA,NA,NA,2.15730748110731,0.937573536830384,0.986,0.717085042282589,6.0146909432815,2.29067908451166,NA,NA,NA,NA,NA,NA,0.0483392508515478,0.0294466248154109,0.512,-0.0175278542245176,0.134869655009294,-0.0241414676440946
"DGP B (nonlinear): Gamma Hurdle",78,1.34954132252532,0.004193147525403,NA,NA,NA,NA,NA,NA,1.5470282144996,0.333071641680194,0.918,0.46574939908673,4.39443328711502,1.68261296420552,NA,NA,NA,NA,NA,NA,0.0252792095594377,0.000530016130032788,0.876,-0.227523577079774,0.0941341733390461,0.00366313139537021
"DGP B (nonlinear): Gamma Hurdle",79,1.36335490023926,0.00405672680698092,NA,NA,NA,NA,NA,NA,1.38011245454274,0.579625812665905,0.912,0.540621606939224,4.27547182472007,0.783729087573351,NA,NA,NA,NA,NA,NA,0.0276145483045441,0.00724279215602186,0.962,0.100516285672654,0.104330410092888,0.0112995189630028
"DGP B (nonlinear): Gamma Hurdle",80,1.40657798944961,0.00462910532992438,NA,NA,NA,NA,NA,NA,1.19767215375906,0.426717784215489,0.848,0.599921374754316,4.17073496360335,0.979860205234124,NA,NA,NA,NA,NA,NA,0.0404741137959152,0.0173294648872954,0.898,-0.0557097633714563,0.12611284240932,-0.012700359557371
"DGP B (nonlinear): Gamma Hurdle",81,1.39841656382323,0.0077806801919946,NA,NA,NA,NA,NA,NA,1.52040886585335,0.0863651703414619,0.956,0.429956936343936,3.78928119837574,1.48478173416469,NA,NA,NA,NA,NA,NA,0.0276876157800994,0.0109991065512187,0.956,0.30558902660772,0.12104821254283,0.0187797867432133
"DGP B (nonlinear): Gamma Hurdle",82,1.3224503489576,0.00390255927804906,NA,NA,NA,NA,NA,NA,1.1222107050315,0.332299082388395,0.948,0.492436665411182,4.52588182415168,0.990151266569201,NA,NA,NA,NA,NA,NA,0.0370807380735072,0.00521243055882161,0.994,0.535759426179509,0.140638304064105,-0.00130987128077255
"DGP B (nonlinear): Gamma Hurdle",83,1.40528415005645,0.00476464170881553,NA,NA,NA,NA,NA,NA,1.2774448500542,0.59351570825544,0.864,0.69317394029427,3.38463072675046,0.811768441801014,NA,NA,NA,NA,NA,NA,0.0395179585142585,0.0179401900554874,0.808,0.0151197142922576,0.148820846865879,-0.0131755483466719
"DGP B (nonlinear): Gamma Hurdle",84,1.41080027797198,0.00732512552009211,NA,NA,NA,NA,NA,NA,2.06895306148144,1.0765816060598,0.926,0.580189151220403,5.35515782538565,2.48738188403177,NA,NA,NA,NA,NA,NA,0.024658387343165,0.0143817175652628,0.978,0.51134036314082,0.161609003174613,0.0217068430853549
"DGP B (nonlinear): Gamma Hurdle",85,1.37956643839641,0.00635872839478671,NA,NA,NA,NA,NA,NA,1.31179085487924,0.880766940343551,0.748,0.696898267107213,3.59724212441236,0.498799498052861,NA,NA,NA,NA,NA,NA,0.0327088490593854,0.00558168616292641,0.988,-0.146871973341022,0.129029258805009,0.000777042231860307
"DGP B (nonlinear): Gamma Hurdle",86,1.36121849442084,0.0065717779851138,NA,NA,NA,NA,NA,NA,1.82657764244073,0.908500406366815,0.98,0.696875824306487,6.03412625935007,2.26971890078766,NA,NA,NA,NA,NA,NA,0.0333121198583562,0.00970323429785337,0.986,0.170204856907523,0.117917117493392,-0.00313145631273956
"DGP B (nonlinear): Gamma Hurdle",87,1.43412470472483,0.00675059711892719,NA,NA,NA,NA,NA,NA,1.88876832939864,0.143013024664626,0.938,0.574779362192216,3.98036223797229,1.29111168006021,NA,NA,NA,NA,NA,NA,0.0565971989104195,0.0390449446003225,0.904,0.205143822819597,0.171516915772292,0.0457955417192497
"DGP B (nonlinear): Gamma Hurdle",88,1.49538118478109,0.00351951782183941,NA,NA,NA,NA,NA,NA,2.98182431081962,0.702956993933815,0.974,0.528790354375783,6.33405840172341,0.792424190847278,NA,NA,NA,NA,NA,NA,0.0414153201183762,0.00600123437611473,0.982,-0.287790208840439,0.12811627702948,0.00952075219795414
"DGP B (nonlinear): Gamma Hurdle",89,1.50420668003724,0.00411550951262682,NA,NA,NA,NA,NA,NA,3.09534489619891,0.682058761778627,0.984,0.418017384995601,6.99854107565203,2.18626544181587,NA,NA,NA,NA,NA,NA,0.0445962158453972,0.00839983270048546,0.978,0.199823031070462,0.197361245743417,-0.00428432318785864
"DGP B (nonlinear): Gamma Hurdle",90,1.4595209954053,0.00870744570903384,NA,NA,NA,NA,NA,NA,1.29698981329472,0.0607458389799883,0.966,0.546653581435078,5.22207733296972,1.52026683438529,NA,NA,NA,NA,NA,NA,0.0264719419905183,0.0149171990791017,0.784,-0.0823822172273588,0.111834362745582,-0.00620975337006781
"DGP B (nonlinear): Gamma Hurdle",91,1.35887758296199,0.00675205198467699,NA,NA,NA,NA,NA,NA,1.10698467111703,0.43784440807783,0.938,0.664752891175855,5.2647508989316,0.921033174884161,NA,NA,NA,NA,NA,NA,0.0313030600326584,0.013790072920129,0.954,-0.0101677526486946,0.126013310535363,-0.00703802093545201
"DGP B (nonlinear): Gamma Hurdle",92,1.52047644306205,0.00562093388224784,NA,NA,NA,NA,NA,NA,2.05676071591207,0.201668937262176,0.98,0.403470056322544,4.91841761311575,1.72214538032422,NA,NA,NA,NA,NA,NA,0.0394354203842275,0.022395999976633,0.926,0.0892589440838414,0.133140826830866,0.0280169338588809
"DGP B (nonlinear): Gamma Hurdle",93,1.45250977667317,0.00613730547730355,NA,NA,NA,NA,NA,NA,1.50102428181231,0.580956793215548,0.958,0.708856105005805,5.00901953055197,2.03346656988872,NA,NA,NA,NA,NA,NA,0.0318251164119304,0.002434884962578,0.99,-0.183453425000229,0.140109251371561,0.00857219043988155
"DGP B (nonlinear): Gamma Hurdle",94,1.45077190202926,0.00549224961110533,NA,NA,NA,NA,NA,NA,1.22410468819335,0.0156256299367842,0.99,0.54581305969937,5.70924715994277,1.43514627209248,NA,NA,NA,NA,NA,NA,0.0488072980277336,0.019633032148903,0.878,-0.143198855956809,0.141407019082738,-0.0141407825377977
"DGP B (nonlinear): Gamma Hurdle",95,1.44372847509836,0.00450306737761015,NA,NA,NA,NA,NA,NA,1.7138861343383,0.354898702592578,0.934,0.574365334173462,4.33879838915271,1.08882977250578,NA,NA,NA,NA,NA,NA,0.0303420523496718,0.00837209139618669,0.97,0.279275371959101,0.129629047271352,-0.00386902401857655
"DGP B (nonlinear): Gamma Hurdle",96,1.30404419904751,0.00659484980312186,NA,NA,NA,NA,NA,NA,1.84069527192549,0.946415235765542,0.926,0.603598310191192,4.96800644496998,2.25045943481305,NA,NA,NA,NA,NA,NA,0.0307715727609364,0.00847702426592814,0.962,-0.218995290717564,0.0984434531592985,-0.00188217446280628
"DGP B (nonlinear): Gamma Hurdle",97,1.38287482709109,0.00470950274401763,NA,NA,NA,NA,NA,NA,1.41498325691683,0.585568446762531,0.98,0.701590446092631,4.38704395222716,1.96844327385362,NA,NA,NA,NA,NA,NA,0.0359100654473073,0.0118676120791795,0.992,0.198749085203609,0.13576115011688,-0.00715810933516192
"DGP B (nonlinear): Gamma Hurdle",98,1.33613616259264,0.00644585408309721,NA,NA,NA,NA,NA,NA,0.9275017938231,0.234771455244861,0.968,0.581508749871732,4.21286882182727,1.10136470734778,NA,NA,NA,NA,NA,NA,0.0236452585440507,0.00381007462466291,0.894,0.173671050609125,0.0785334552743251,0.0026357794584343
"DGP B (nonlinear): Gamma Hurdle",99,1.38074605712863,0.00344618981756142,NA,NA,NA,NA,NA,NA,1.1669786791032,0.0892235418548273,0.972,0.529387105764095,5.32431606442123,1.2915225152738,NA,NA,NA,NA,NA,NA,0.0371370601814761,0.00606691898514659,0.954,-0.129683089184739,0.109994829927559,0.00951310880270801
"DGP B (nonlinear): Gamma Hurdle",100,1.47821454854985,0.00730652700119763,NA,NA,NA,NA,NA,NA,1.33431657686634,0.707228994518808,0.842,0.68749437681282,3.68013371928138,0.770985554031045,NA,NA,NA,NA,NA,NA,0.0299959478347967,0.00655775283866605,0.984,-0.132139615450428,0.134460902866649,0.0138642798398637
