"Scale","Covariate","Contrast","Sample_estimate","Sample_CI_low","Sample_CI_high","Population_estimate","Population_CI_low_design","Population_CI_high_design"
"Participation-margin CATE","Sex","Male - Female",0.0148044687798158,-0.0130793634511968,0.0423674183520927,0.0154736432217613,-0.0124309739056662,0.0433782603491888
"Participation-margin CATE","Race and ethnicity","Hispanic - White, non-Hispanic",-0.0317242436365741,-0.0683547464220588,0.00501578216310719,-0.0317079731420009,-0.0681061369904199,0.00469019070641819
"Participation-margin CATE","Race and ethnicity","Hispanic - Black, non-Hispanic",0.0200253404321605,-0.0278940956581818,0.0677761989272284,0.0220638865902286,-0.0273310648165953,0.0714588379970525
"Participation-margin CATE","Race and ethnicity","Hispanic - Asian, non-Hispanic",-0.0208949470792707,-0.087580695126138,0.0435141496826547,-0.0235353815848895,-0.0880768802065077,0.0410061170367286
"Participation-margin CATE","Race and ethnicity","Hispanic - Other or multiple, non-Hispanic",0.0840468490760354,0.00991758182461765,0.161657131352594,0.0844439552120072,0.00847147573636131,0.160416434687653
"Participation-margin CATE","Race and ethnicity","White, non-Hispanic - Black, non-Hispanic",0.0517495840687346,0.00970819067083922,0.0939142329067214,0.0537718597322295,0.0104734033645462,0.0970703160999127
"Participation-margin CATE","Race and ethnicity","White, non-Hispanic - Asian, non-Hispanic",0.0108292965573034,-0.0475608811406715,0.0697925420886888,0.00817259155711135,-0.0509947093566395,0.0673398924708622
"Participation-margin CATE","Race and ethnicity","White, non-Hispanic - Other or multiple, non-Hispanic",0.115771092712609,0.0442687875742379,0.186252491007608,0.116151928354008,0.0449741221011166,0.1873297346069
"Participation-margin CATE","Race and ethnicity","Black, non-Hispanic - Asian, non-Hispanic",-0.0409202875114312,-0.108876332023244,0.0276379241192606,-0.0455992681751181,-0.113728762877324,0.0225302265270875
"Participation-margin CATE","Race and ethnicity","Black, non-Hispanic - Other or multiple, non-Hispanic",0.0640215086438749,-0.0153080905736991,0.143216653356078,0.0623800686217786,-0.0169418754358583,0.141702012679416
"Participation-margin CATE","Race and ethnicity","Asian, non-Hispanic - Other or multiple, non-Hispanic",0.104941796155306,0.0176808108625917,0.19344813540285,0.107979336796897,0.0189130114351608,0.197045662158633
"Participation-margin CATE","Age group","0-17 - 18-34",-0.111513916894529,-0.148005985168327,-0.0756069678112632,-0.115825477713783,-0.152304697282177,-0.0793462581453879
"Participation-margin CATE","Age group","0-17 - 35-49",-0.109254142787554,-0.143786079071949,-0.074393002942883,-0.111661768287081,-0.146462493744417,-0.0768610428297449
"Participation-margin CATE","Age group","0-17 - 50-64",-0.114603192179462,-0.14988535700326,-0.078968247999366,-0.116209420444078,-0.151629363226936,-0.0807894776612207
"Participation-margin CATE","Age group","0-17 - 65+",-0.118040743855733,-0.157999842186373,-0.076645986899439,-0.119035332678382,-0.160362159842965,-0.0777085055137999
"Participation-margin CATE","Age group","18-34 - 35-49",0.00225977410697569,-0.013978507126955,0.0184667891010147,0.0041637094267014,-0.0138458259113309,0.0221732447647337
"Participation-margin CATE","Age group","18-34 - 50-64",-0.00308927528493238,-0.0288882820172762,0.0233407056172375,-0.000383942730295764,-0.0277209252841139,0.0269530398235224
"Participation-margin CATE","Age group","18-34 - 65+",-0.00652682696120322,-0.0451088543914161,0.0335147679126364,-0.00320985496459971,-0.0433582918947974,0.036938581965598
"Participation-margin CATE","Age group","35-49 - 50-64",-0.00534904939190807,-0.0195262274128461,0.00948101787018969,-0.00454765215699716,-0.0191028921640364,0.0100075878500421
"Participation-margin CATE","Age group","35-49 - 65+",-0.00878660106817891,-0.0384685952982453,0.0227027198678604,-0.00737356439130111,-0.0381899722755126,0.0234428434929104
"Participation-margin CATE","Age group","50-64 - 65+",-0.00343755167627084,-0.021932816385532,0.0156175250316962,-0.00282591223430395,-0.0219375906706979,0.01628576620209
"Participation-margin CATE","Poverty cat.","Poor - Near-poor",0.0164357775725112,-0.0988179891999871,0.130084369319024,0.0180508545673738,-0.0963865647861065,0.132488273920854
"Participation-margin CATE","Poverty cat.","Poor - Low-income",0.0610196980666214,-0.0126306047085205,0.137659844850347,0.059901361704393,-0.014868545239834,0.13467126864862
"Participation-margin CATE","Poverty cat.","Poor - Middle-income",-0.0252957884243411,-0.0894438382972634,0.0401719152733203,-0.0245293048269478,-0.0895524972610481,0.0404938876071525
"Participation-margin CATE","Poverty cat.","Poor - High-income",0.0138153534403486,-0.0490528977123529,0.0785306596967389,0.0136219270005707,-0.0504805873861522,0.0777244413872937
"Participation-margin CATE","Poverty cat.","Near-poor - Low-income",0.0445839204941102,-0.0582689938424392,0.154216674804063,0.0418505071370192,-0.0641709304334146,0.147871944707453
"Participation-margin CATE","Poverty cat.","Near-poor - Middle-income",-0.0417315659968523,-0.140327830672717,0.0605723413536839,-0.0425801593943216,-0.142843288546996,0.0576829697583527
"Participation-margin CATE","Poverty cat.","Near-poor - High-income",-0.00262042413216262,-0.100021186719983,0.100128738044175,-0.00442892756680306,-0.103851060853016,0.0949932057194095
"Participation-margin CATE","Poverty cat.","Low-income - Middle-income",-0.0863154864909624,-0.135798358072841,-0.0358609721142767,-0.0844306665313408,-0.135507660554333,-0.0333536725083488
"Participation-margin CATE","Poverty cat.","Low-income - High-income",-0.0472043446262728,-0.0978730554863874,0.00354772858338114,-0.0462794347038223,-0.0969280072586495,0.0043691378510049
"Participation-margin CATE","Poverty cat.","Middle-income - High-income",0.0391111418646896,0.00402673202940854,0.0740560284726678,0.0381512318275185,0.00287999267950505,0.073422470975532
"Participation-margin CATE","Family income (weighted tertile)","Low-income tertile - Middle-income tertile",-0.00692203925031125,-0.0353447514448207,0.021249887400769,-0.00678872942841579,-0.0338121252241276,0.020234666367296
"Participation-margin CATE","Family income (weighted tertile)","Low-income tertile - High-income tertile",0.0238220952815713,-0.0148583974025659,0.061172574374915,0.0240914041306664,-0.0131504286480626,0.0613332369093953
"Participation-margin CATE","Family income (weighted tertile)","Middle-income tertile - High-income tertile",0.0307441345318825,0.0056254867905771,0.0552819055723565,0.0308801335590822,0.00593140443661699,0.0558288626815474
"Participation-margin CATE","Region","Northeast - Midwest",0.00914383314473577,-0.0370276677699345,0.0539839392450356,0.0057152141899054,-0.0410816012647318,0.0525120296445426
"Participation-margin CATE","Region","Northeast - South",-0.00801317236015462,-0.0489018116065404,0.0335197361552284,-0.013574808102772,-0.0556997829619832,0.0285501667564391
"Participation-margin CATE","Region","Northeast - West",-0.0131460684283081,-0.0572390116292659,0.0305674381080046,-0.0140699569756356,-0.0592522668938593,0.0311123529425881
"Participation-margin CATE","Region","Midwest - South",-0.0171570055048904,-0.0555389759590713,0.0207175129717955,-0.0192900222926774,-0.0569517712740738,0.018371726688719
"Participation-margin CATE","Region","Midwest - West",-0.0222899015730438,-0.0633458744951494,0.0189303433977845,-0.019785171165541,-0.0610149333873501,0.0214445910562681
"Participation-margin CATE","Region","South - West",-0.00513289606815343,-0.0413723471103992,0.0301588402452048,-0.00049514887286357,-0.0360505721774656,0.0350602744317385
"Participation-margin CATE","Marital status","Married - Not married",0.0287724065525287,0.000246149119919111,0.0587606043850816,0.032155085420773,0.00233936155058709,0.0619708092909588
"Participation-margin CATE","Marital status (detailed)","Married - Widowed",0.00726794655505669,-0.0652707439675015,0.0830704103043381,0.00617110138571343,-0.068255150242089,0.0805973530135159
"Participation-margin CATE","Marital status (detailed)","Married - Divorced",-0.00471086408215111,-0.0526790733115554,0.0461834087205881,-0.00586551967461519,-0.0557142329064765,0.0439831935572462
"Participation-margin CATE","Marital status (detailed)","Married - Separated",-0.0230569449132905,-0.130310063347498,0.0820067849720116,-0.0245101513165089,-0.131968943995004,0.0829486413619858
"Participation-margin CATE","Marital status (detailed)","Married - Never married",-0.0132859779582383,-0.0485725255678346,0.022874109099146,-0.014541031461687,-0.0508011131335323,0.0217190502101583
"Participation-margin CATE","Marital status (detailed)","Married - Under 16",0.124663002258578,0.0831143410501701,0.16644082593463,0.12630250160408,0.0845172268186794,0.168087776389482
"Participation-margin CATE","Marital status (detailed)","Widowed - Divorced",-0.0119788106372078,-0.0946557938634843,0.0695669405940741,-0.0120366210603286,-0.0950769909944653,0.0710037488738081
"Participation-margin CATE","Marital status (detailed)","Widowed - Separated",-0.0303248914683472,-0.151235199420657,0.0953947358884785,-0.0306812527022224,-0.155765849419103,0.0944033440146581
"Participation-margin CATE","Marital status (detailed)","Widowed - Never married",-0.020553924513295,-0.0963308787982852,0.0557488055018591,-0.0207121328474005,-0.0973634631348888,0.0559391974400879
"Participation-margin CATE","Marital status (detailed)","Widowed - Under 16",0.117395055703521,0.0389727179231024,0.192368199112765,0.120131400218367,0.0424756427883257,0.197787157648408
"Participation-margin CATE","Marital status (detailed)","Divorced - Separated",-0.0183460808311394,-0.132344080632289,0.0946656971755939,-0.0186446316418938,-0.132580795418251,0.0952915321344638
"Participation-margin CATE","Marital status (detailed)","Divorced - Never married",-0.00857511387608716,-0.0602270174218624,0.0444947521705263,-0.00867551178707183,-0.0611257263239717,0.043774702749828
"Participation-margin CATE","Marital status (detailed)","Divorced - Under 16",0.129373866340729,0.0706500924749423,0.184395958205369,0.132168021278696,0.0755672666184566,0.188768775938935
"Participation-margin CATE","Marital status (detailed)","Separated - Never married",0.00977096695505226,-0.0972891321475223,0.120923281404025,0.00996911985482193,-0.0992928357706067,0.119231075480251
"Participation-margin CATE","Marital status (detailed)","Separated - Under 16",0.147719947171868,0.0400055244136073,0.259519214692113,0.150812652920589,0.0400748438716012,0.261550461969578
"Participation-margin CATE","Marital status (detailed)","Never married - Under 16",0.137948980216816,0.0953589520834892,0.181910349255028,0.140843533065767,0.0965119464518159,0.185175119679719
